identity,vlan,cidr,network,prefix,gateway,pool,pool_start,pool_end,first_usable,last_usable,broadcast
EWT_141,1001,192.168.100.0/27,192.168.100.0,27,192.168.100.1,192.168.100.2-192.168.100.30,192.168.100.2,192.168.100.30,192.168.100.1,192.168.100.30,192.168.100.31
EWT_142,1002,192.168.100.32/27,192.168.100.32,27,192.168.100.33,192.168.100.34-192.168.100.62,192.168.100.34,192.168.100.62,192.168.100.33,192.168.100.62,192.168.100.63
EWT_144,1003,192.168.100.64/27,192.168.100.64,27,192.168.100.65,192.168.100.66-192.168.100.94,192.168.100.66,192.168.100.94,192.168.100.65,192.168.100.94,192.168.100.95
EWT_150,1004,192.168.100.96/27,192.168.100.96,27,192.168.100.97,192.168.100.98-192.168.100.126,192.168.100.98,192.168.100.126,192.168.100.97,192.168.100.126,192.168.100.127
EWT_152,1005,192.168.100.128/27,192.168.100.128,27,192.168.100.129,192.168.100.130-192.168.100.158,192.168.100.130,192.168.100.158,192.168.100.129,192.168.100.158,192.168.100.159
EWT_209,1006,192.168.100.160/27,192.168.100.160,27,192.168.100.161,192.168.100.162-192.168.100.190,192.168.100.162,192.168.100.190,192.168.100.161,192.168.100.190,192.168.100.191
EWT_210,1007,192.168.100.192/27,192.168.100.192,27,192.168.100.193,192.168.100.194-192.168.100.222,192.168.100.194,192.168.100.222,192.168.100.193,192.168.100.222,192.168.100.223
EWT_211,1008,192.168.100.224/27,192.168.100.224,27,192.168.100.225,192.168.100.226-192.168.100.254,192.168.100.226,192.168.100.254,192.168.100.225,192.168.100.254,192.168.100.255
EWT_212,1009,192.168.101.0/27,192.168.101.0,27,192.168.101.1,192.168.101.2-192.168.101.30,192.168.101.2,192.168.101.30,192.168.101.1,192.168.101.30,192.168.101.31
EWT_213,1010,192.168.101.32/27,192.168.101.32,27,192.168.101.33,192.168.101.34-192.168.101.62,192.168.101.34,192.168.101.62,192.168.101.33,192.168.101.62,192.168.101.63
EWT_215,1011,192.168.101.64/27,192.168.101.64,27,192.168.101.65,192.168.101.66-192.168.101.94,192.168.101.66,192.168.101.94,192.168.101.65,192.168.101.94,192.168.101.95
EWT_216,1012,192.168.101.96/27,192.168.101.96,27,192.168.101.97,192.168.101.98-192.168.101.126,192.168.101.98,192.168.101.126,192.168.101.97,192.168.101.126,192.168.101.127
EWT_218,1013,192.168.101.128/27,192.168.101.128,27,192.168.101.129,192.168.101.130-192.168.101.158,192.168.101.130,192.168.101.158,192.168.101.129,192.168.101.158,192.168.101.159
EWT_219,1014,192.168.101.160/27,192.168.101.160,27,192.168.101.161,192.168.101.162-192.168.101.190,192.168.101.162,192.168.101.190,192.168.101.161,192.168.101.190,192.168.101.191
EWT_220,1015,192.168.101.192/27,192.168.101.192,27,192.168.101.193,192.168.101.194-192.168.101.222,192.168.101.194,192.168.101.222,192.168.101.193,192.168.101.222,192.168.101.223
EWT_230,1016,192.168.101.224/27,192.168.101.224,27,192.168.101.225,192.168.101.226-192.168.101.254,192.168.101.226,192.168.101.254,192.168.101.225,192.168.101.254,192.168.101.255
EWT_241,1017,192.168.102.0/27,192.168.102.0,27,192.168.102.1,192.168.102.2-192.168.102.30,192.168.102.2,192.168.102.30,192.168.102.1,192.168.102.30,192.168.102.31
EWT_242,1018,192.168.102.32/27,192.168.102.32,27,192.168.102.33,192.168.102.34-192.168.102.62,192.168.102.34,192.168.102.62,192.168.102.33,192.168.102.62,192.168.102.63
EWT_244,1019,192.168.102.64/27,192.168.102.64,27,192.168.102.65,192.168.102.66-192.168.102.94,192.168.102.66,192.168.102.94,192.168.102.65,192.168.102.94,192.168.102.95
EWT_249,1020,192.168.102.96/27,192.168.102.96,27,192.168.102.97,192.168.102.98-192.168.102.126,192.168.102.98,192.168.102.126,192.168.102.97,192.168.102.126,192.168.102.127
EWT_251,1021,192.168.102.128/27,192.168.102.128,27,192.168.102.129,192.168.102.130-192.168.102.158,192.168.102.130,192.168.102.158,192.168.102.129,192.168.102.158,192.168.102.159
EWT_301,1022,192.168.102.160/27,192.168.102.160,27,192.168.102.161,192.168.102.162-192.168.102.190,192.168.102.162,192.168.102.190,192.168.102.161,192.168.102.190,192.168.102.191
EWT_302,1023,192.168.102.192/27,192.168.102.192,27,192.168.102.193,192.168.102.194-192.168.102.222,192.168.102.194,192.168.102.222,192.168.102.193,192.168.102.222,192.168.102.223
EWT_303,1024,192.168.102.224/27,192.168.102.224,27,192.168.102.225,192.168.102.226-192.168.102.254,192.168.102.226,192.168.102.254,192.168.102.225,192.168.102.254,192.168.102.255
EWT_304,1025,192.168.103.0/27,192.168.103.0,27,192.168.103.1,192.168.103.2-192.168.103.30,192.168.103.2,192.168.103.30,192.168.103.1,192.168.103.30,192.168.103.31
EWT_305,1026,192.168.103.32/27,192.168.103.32,27,192.168.103.33,192.168.103.34-192.168.103.62,192.168.103.34,192.168.103.62,192.168.103.33,192.168.103.62,192.168.103.63
EWT_306,1027,192.168.103.64/27,192.168.103.64,27,192.168.103.65,192.168.103.66-192.168.103.94,192.168.103.66,192.168.103.94,192.168.103.65,192.168.103.94,192.168.103.95
EWT_307,1028,192.168.103.96/27,192.168.103.96,27,192.168.103.97,192.168.103.98-192.168.103.126,192.168.103.98,192.168.103.126,192.168.103.97,192.168.103.126,192.168.103.127
EWT_308,1029,192.168.103.128/27,192.168.103.128,27,192.168.103.129,192.168.103.130-192.168.103.158,192.168.103.130,192.168.103.158,192.168.103.129,192.168.103.158,192.168.103.159
EWT_310,1030,192.168.103.160/27,192.168.103.160,27,192.168.103.161,192.168.103.162-192.168.103.190,192.168.103.162,192.168.103.190,192.168.103.161,192.168.103.190,192.168.103.191
EWT_311,1031,192.168.103.192/27,192.168.103.192,27,192.168.103.193,192.168.103.194-192.168.103.222,192.168.103.194,192.168.103.222,192.168.103.193,192.168.103.222,192.168.103.223
EWT_312,1032,192.168.103.224/27,192.168.103.224,27,192.168.103.225,192.168.103.226-192.168.103.254,192.168.103.226,192.168.103.254,192.168.103.225,192.168.103.254,192.168.103.255
EWT_313,1033,192.168.104.0/27,192.168.104.0,27,192.168.104.1,192.168.104.2-192.168.104.30,192.168.104.2,192.168.104.30,192.168.104.1,192.168.104.30,192.168.104.31
EWT_314,1034,192.168.104.32/27,192.168.104.32,27,192.168.104.33,192.168.104.34-192.168.104.62,192.168.104.34,192.168.104.62,192.168.104.33,192.168.104.62,192.168.104.63
EWT_316,1035,192.168.104.64/27,192.168.104.64,27,192.168.104.65,192.168.104.66-192.168.104.94,192.168.104.66,192.168.104.94,192.168.104.65,192.168.104.94,192.168.104.95
EWT_317,1036,192.168.104.96/27,192.168.104.96,27,192.168.104.97,192.168.104.98-192.168.104.126,192.168.104.98,192.168.104.126,192.168.104.97,192.168.104.126,192.168.104.127
EWT_319,1037,192.168.104.128/27,192.168.104.128,27,192.168.104.129,192.168.104.130-192.168.104.158,192.168.104.130,192.168.104.158,192.168.104.129,192.168.104.158,192.168.104.159
EWT_320,1038,192.168.104.160/27,192.168.104.160,27,192.168.104.161,192.168.104.162-192.168.104.190,192.168.104.162,192.168.104.190,192.168.104.161,192.168.104.190,192.168.104.191
EWT_321,1039,192.168.104.192/27,192.168.104.192,27,192.168.104.193,192.168.104.194-192.168.104.222,192.168.104.194,192.168.104.222,192.168.104.193,192.168.104.222,192.168.104.223
EWT_323,1040,192.168.104.224/27,192.168.104.224,27,192.168.104.225,192.168.104.226-192.168.104.254,192.168.104.226,192.168.104.254,192.168.104.225,192.168.104.254,192.168.104.255
EWT_324,1041,192.168.105.0/27,192.168.105.0,27,192.168.105.1,192.168.105.2-192.168.105.30,192.168.105.2,192.168.105.30,192.168.105.1,192.168.105.30,192.168.105.31
EWT_325,1042,192.168.105.32/27,192.168.105.32,27,192.168.105.33,192.168.105.34-192.168.105.62,192.168.105.34,192.168.105.62,192.168.105.33,192.168.105.62,192.168.105.63
EWT_326,1043,192.168.105.64/27,192.168.105.64,27,192.168.105.65,192.168.105.66-192.168.105.94,192.168.105.66,192.168.105.94,192.168.105.65,192.168.105.94,192.168.105.95
EWT_327,1044,192.168.105.96/27,192.168.105.96,27,192.168.105.97,192.168.105.98-192.168.105.126,192.168.105.98,192.168.105.126,192.168.105.97,192.168.105.126,192.168.105.127
EWT_328,1045,192.168.105.128/27,192.168.105.128,27,192.168.105.129,192.168.105.130-192.168.105.158,192.168.105.130,192.168.105.158,192.168.105.129,192.168.105.158,192.168.105.159
EWT_329,1046,192.168.105.160/27,192.168.105.160,27,192.168.105.161,192.168.105.162-192.168.105.190,192.168.105.162,192.168.105.190,192.168.105.161,192.168.105.190,192.168.105.191
EWT_330,1047,192.168.105.192/27,192.168.105.192,27,192.168.105.193,192.168.105.194-192.168.105.222,192.168.105.194,192.168.105.222,192.168.105.193,192.168.105.222,192.168.105.223
EWT_341,1048,192.168.105.224/27,192.168.105.224,27,192.168.105.225,192.168.105.226-192.168.105.254,192.168.105.226,192.168.105.254,192.168.105.225,192.168.105.254,192.168.105.255
EWT_342,1049,192.168.106.0/27,192.168.106.0,27,192.168.106.1,192.168.106.2-192.168.106.30,192.168.106.2,192.168.106.30,192.168.106.1,192.168.106.30,192.168.106.31
EWT_344,1050,192.168.106.32/27,192.168.106.32,27,192.168.106.33,192.168.106.34-192.168.106.62,192.168.106.34,192.168.106.62,192.168.106.33,192.168.106.62,192.168.106.63
EWT_348,1051,192.168.106.64/27,192.168.106.64,27,192.168.106.65,192.168.106.66-192.168.106.94,192.168.106.66,192.168.106.94,192.168.106.65,192.168.106.94,192.168.106.95
EWT_349,1052,192.168.106.96/27,192.168.106.96,27,192.168.106.97,192.168.106.98-192.168.106.126,192.168.106.98,192.168.106.126,192.168.106.97,192.168.106.126,192.168.106.127
EWT_350,1053,192.168.106.128/27,192.168.106.128,27,192.168.106.129,192.168.106.130-192.168.106.158,192.168.106.130,192.168.106.158,192.168.106.129,192.168.106.158,192.168.106.159
EWT_351,1054,192.168.106.160/27,192.168.106.160,27,192.168.106.161,192.168.106.162-192.168.106.190,192.168.106.162,192.168.106.190,192.168.106.161,192.168.106.190,192.168.106.191
EWT_352,1055,192.168.106.192/27,192.168.106.192,27,192.168.106.193,192.168.106.194-192.168.106.222,192.168.106.194,192.168.106.222,192.168.106.193,192.168.106.222,192.168.106.223
EWT_353,1056,192.168.106.224/27,192.168.106.224,27,192.168.106.225,192.168.106.226-192.168.106.254,192.168.106.226,192.168.106.254,192.168.106.225,192.168.106.254,192.168.106.255
EWT_355,1057,192.168.107.0/27,192.168.107.0,27,192.168.107.1,192.168.107.2-192.168.107.30,192.168.107.2,192.168.107.30,192.168.107.1,192.168.107.30,192.168.107.31
EWT_356,1058,192.168.107.32/27,192.168.107.32,27,192.168.107.33,192.168.107.34-192.168.107.62,192.168.107.34,192.168.107.62,192.168.107.33,192.168.107.62,192.168.107.63
EWT_357,1059,192.168.107.64/27,192.168.107.64,27,192.168.107.65,192.168.107.66-192.168.107.94,192.168.107.66,192.168.107.94,192.168.107.65,192.168.107.94,192.168.107.95
EWT_363,1060,192.168.107.96/27,192.168.107.96,27,192.168.107.97,192.168.107.98-192.168.107.126,192.168.107.98,192.168.107.126,192.168.107.97,192.168.107.126,192.168.107.127
EWT_364,1061,192.168.107.128/27,192.168.107.128,27,192.168.107.129,192.168.107.130-192.168.107.158,192.168.107.130,192.168.107.158,192.168.107.129,192.168.107.158,192.168.107.159
EWT_365,1062,192.168.107.160/27,192.168.107.160,27,192.168.107.161,192.168.107.162-192.168.107.190,192.168.107.162,192.168.107.190,192.168.107.161,192.168.107.190,192.168.107.191
EWT_401,1063,192.168.107.192/27,192.168.107.192,27,192.168.107.193,192.168.107.194-192.168.107.222,192.168.107.194,192.168.107.222,192.168.107.193,192.168.107.222,192.168.107.223
EWT_402,1064,192.168.107.224/27,192.168.107.224,27,192.168.107.225,192.168.107.226-192.168.107.254,192.168.107.226,192.168.107.254,192.168.107.225,192.168.107.254,192.168.107.255
EWT_403,1065,192.168.108.0/27,192.168.108.0,27,192.168.108.1,192.168.108.2-192.168.108.30,192.168.108.2,192.168.108.30,192.168.108.1,192.168.108.30,192.168.108.31
EWT_404,1066,192.168.108.32/27,192.168.108.32,27,192.168.108.33,192.168.108.34-192.168.108.62,192.168.108.34,192.168.108.62,192.168.108.33,192.168.108.62,192.168.108.63
EWT_405,1067,192.168.108.64/27,192.168.108.64,27,192.168.108.65,192.168.108.66-192.168.108.94,192.168.108.66,192.168.108.94,192.168.108.65,192.168.108.94,192.168.108.95
EWT_406,1068,192.168.108.96/27,192.168.108.96,27,192.168.108.97,192.168.108.98-192.168.108.126,192.168.108.98,192.168.108.126,192.168.108.97,192.168.108.126,192.168.108.127
EWT_407,1069,192.168.108.128/27,192.168.108.128,27,192.168.108.129,192.168.108.130-192.168.108.158,192.168.108.130,192.168.108.158,192.168.108.129,192.168.108.158,192.168.108.159
EWT_408,1070,192.168.108.160/27,192.168.108.160,27,192.168.108.161,192.168.108.162-192.168.108.190,192.168.108.162,192.168.108.190,192.168.108.161,192.168.108.190,192.168.108.191
EWT_409,1071,192.168.108.192/27,192.168.108.192,27,192.168.108.193,192.168.108.194-192.168.108.222,192.168.108.194,192.168.108.222,192.168.108.193,192.168.108.222,192.168.108.223
EWT_411,1072,192.168.108.224/27,192.168.108.224,27,192.168.108.225,192.168.108.226-192.168.108.254,192.168.108.226,192.168.108.254,192.168.108.225,192.168.108.254,192.168.108.255
EWT_412,1073,192.168.109.0/27,192.168.109.0,27,192.168.109.1,192.168.109.2-192.168.109.30,192.168.109.2,192.168.109.30,192.168.109.1,192.168.109.30,192.168.109.31
EWT_413,1074,192.168.109.32/27,192.168.109.32,27,192.168.109.33,192.168.109.34-192.168.109.62,192.168.109.34,192.168.109.62,192.168.109.33,192.168.109.62,192.168.109.63
EWT_414,1075,192.168.109.64/27,192.168.109.64,27,192.168.109.65,192.168.109.66-192.168.109.94,192.168.109.66,192.168.109.94,192.168.109.65,192.168.109.94,192.168.109.95
EWT_415,1076,192.168.109.96/27,192.168.109.96,27,192.168.109.97,192.168.109.98-192.168.109.126,192.168.109.98,192.168.109.126,192.168.109.97,192.168.109.126,192.168.109.127
EWT_416,1077,192.168.109.128/27,192.168.109.128,27,192.168.109.129,192.168.109.130-192.168.109.158,192.168.109.130,192.168.109.158,192.168.109.129,192.168.109.158,192.168.109.159
EWT_417,1078,192.168.109.160/27,192.168.109.160,27,192.168.109.161,192.168.109.162-192.168.109.190,192.168.109.162,192.168.109.190,192.168.109.161,192.168.109.190,192.168.109.191
EWT_418,1079,192.168.109.192/27,192.168.109.192,27,192.168.109.193,192.168.109.194-192.168.109.222,192.168.109.194,192.168.109.222,192.168.109.193,192.168.109.222,192.168.109.223
EWT_419,1080,192.168.109.224/27,192.168.109.224,27,192.168.109.225,192.168.109.226-192.168.109.254,192.168.109.226,192.168.109.254,192.168.109.225,192.168.109.254,192.168.109.255
EWT_420,1081,192.168.110.0/27,192.168.110.0,27,192.168.110.1,192.168.110.2-192.168.110.30,192.168.110.2,192.168.110.30,192.168.110.1,192.168.110.30,192.168.110.31
EWT_421,1082,192.168.110.32/27,192.168.110.32,27,192.168.110.33,192.168.110.34-192.168.110.62,192.168.110.34,192.168.110.62,192.168.110.33,192.168.110.62,192.168.110.63
EWT_422,1083,192.168.110.64/27,192.168.110.64,27,192.168.110.65,192.168.110.66-192.168.110.94,192.168.110.66,192.168.110.94,192.168.110.65,192.168.110.94,192.168.110.95
EWT_423,1084,192.168.110.96/27,192.168.110.96,27,192.168.110.97,192.168.110.98-192.168.110.126,192.168.110.98,192.168.110.126,192.168.110.97,192.168.110.126,192.168.110.127
EWT_425,1085,192.168.110.128/27,192.168.110.128,27,192.168.110.129,192.168.110.130-192.168.110.158,192.168.110.130,192.168.110.158,192.168.110.129,192.168.110.158,192.168.110.159
EWT_426,1086,192.168.110.160/27,192.168.110.160,27,192.168.110.161,192.168.110.162-192.168.110.190,192.168.110.162,192.168.110.190,192.168.110.161,192.168.110.190,192.168.110.191
EWT_427,1087,192.168.110.192/27,192.168.110.192,27,192.168.110.193,192.168.110.194-192.168.110.222,192.168.110.194,192.168.110.222,192.168.110.193,192.168.110.222,192.168.110.223
EWT_428,1088,192.168.110.224/27,192.168.110.224,27,192.168.110.225,192.168.110.226-192.168.110.254,192.168.110.226,192.168.110.254,192.168.110.225,192.168.110.254,192.168.110.255
EWT_429,1089,192.168.111.0/27,192.168.111.0,27,192.168.111.1,192.168.111.2-192.168.111.30,192.168.111.2,192.168.111.30,192.168.111.1,192.168.111.30,192.168.111.31
EWT_430,1090,192.168.111.32/27,192.168.111.32,27,192.168.111.33,192.168.111.34-192.168.111.62,192.168.111.34,192.168.111.62,192.168.111.33,192.168.111.62,192.168.111.63
EWT_441,1091,192.168.111.64/27,192.168.111.64,27,192.168.111.65,192.168.111.66-192.168.111.94,192.168.111.66,192.168.111.94,192.168.111.65,192.168.111.94,192.168.111.95
EWT_442,1092,192.168.111.96/27,192.168.111.96,27,192.168.111.97,192.168.111.98-192.168.111.126,192.168.111.98,192.168.111.126,192.168.111.97,192.168.111.126,192.168.111.127
EWT_444,1093,192.168.111.128/27,192.168.111.128,27,192.168.111.129,192.168.111.130-192.168.111.158,192.168.111.130,192.168.111.158,192.168.111.129,192.168.111.158,192.168.111.159
EWT_448,1094,192.168.111.160/27,192.168.111.160,27,192.168.111.161,192.168.111.162-192.168.111.190,192.168.111.162,192.168.111.190,192.168.111.161,192.168.111.190,192.168.111.191
EWT_450,1095,192.168.111.192/27,192.168.111.192,27,192.168.111.193,192.168.111.194-192.168.111.222,192.168.111.194,192.168.111.222,192.168.111.193,192.168.111.222,192.168.111.223
EWT_451,1096,192.168.111.224/27,192.168.111.224,27,192.168.111.225,192.168.111.226-192.168.111.254,192.168.111.226,192.168.111.254,192.168.111.225,192.168.111.254,192.168.111.255
EWT_452,1097,192.168.112.0/27,192.168.112.0,27,192.168.112.1,192.168.112.2-192.168.112.30,192.168.112.2,192.168.112.30,192.168.112.1,192.168.112.30,192.168.112.31
EWT_453,1098,192.168.112.32/27,192.168.112.32,27,192.168.112.33,192.168.112.34-192.168.112.62,192.168.112.34,192.168.112.62,192.168.112.33,192.168.112.62,192.168.112.63
EWT_455,1099,192.168.112.64/27,192.168.112.64,27,192.168.112.65,192.168.112.66-192.168.112.94,192.168.112.66,192.168.112.94,192.168.112.65,192.168.112.94,192.168.112.95
EWT_456,1100,192.168.112.96/27,192.168.112.96,27,192.168.112.97,192.168.112.98-192.168.112.126,192.168.112.98,192.168.112.126,192.168.112.97,192.168.112.126,192.168.112.127
EWT_457,1101,192.168.112.128/27,192.168.112.128,27,192.168.112.129,192.168.112.130-192.168.112.158,192.168.112.130,192.168.112.158,192.168.112.129,192.168.112.158,192.168.112.159
EWT_463,1102,192.168.112.160/27,192.168.112.160,27,192.168.112.161,192.168.112.162-192.168.112.190,192.168.112.162,192.168.112.190,192.168.112.161,192.168.112.190,192.168.112.191
EWT_464,1103,192.168.112.192/27,192.168.112.192,27,192.168.112.193,192.168.112.194-192.168.112.222,192.168.112.194,192.168.112.222,192.168.112.193,192.168.112.222,192.168.112.223
EWT_465,1104,192.168.112.224/27,192.168.112.224,27,192.168.112.225,192.168.112.226-192.168.112.254,192.168.112.226,192.168.112.254,192.168.112.225,192.168.112.254,192.168.112.255
EWT_501,1105,192.168.113.0/27,192.168.113.0,27,192.168.113.1,192.168.113.2-192.168.113.30,192.168.113.2,192.168.113.30,192.168.113.1,192.168.113.30,192.168.113.31
EWT_503,1106,192.168.113.32/27,192.168.113.32,27,192.168.113.33,192.168.113.34-192.168.113.62,192.168.113.34,192.168.113.62,192.168.113.33,192.168.113.62,192.168.113.63
EWT_504,1107,192.168.113.64/27,192.168.113.64,27,192.168.113.65,192.168.113.66-192.168.113.94,192.168.113.66,192.168.113.94,192.168.113.65,192.168.113.94,192.168.113.95
EWT_506,1108,192.168.113.96/27,192.168.113.96,27,192.168.113.97,192.168.113.98-192.168.113.126,192.168.113.98,192.168.113.126,192.168.113.97,192.168.113.126,192.168.113.127
EWT_509,1109,192.168.113.128/27,192.168.113.128,27,192.168.113.129,192.168.113.130-192.168.113.158,192.168.113.130,192.168.113.158,192.168.113.129,192.168.113.158,192.168.113.159
EWT_510,1110,192.168.113.160/27,192.168.113.160,27,192.168.113.161,192.168.113.162-192.168.113.190,192.168.113.162,192.168.113.190,192.168.113.161,192.168.113.190,192.168.113.191
EWT_511,1111,192.168.113.192/27,192.168.113.192,27,192.168.113.193,192.168.113.194-192.168.113.222,192.168.113.194,192.168.113.222,192.168.113.193,192.168.113.222,192.168.113.223
EWT_512,1112,192.168.113.224/27,192.168.113.224,27,192.168.113.225,192.168.113.226-192.168.113.254,192.168.113.226,192.168.113.254,192.168.113.225,192.168.113.254,192.168.113.255
EWT_513,1113,192.168.114.0/27,192.168.114.0,27,192.168.114.1,192.168.114.2-192.168.114.30,192.168.114.2,192.168.114.30,192.168.114.1,192.168.114.30,192.168.114.31
EWT_514,1114,192.168.114.32/27,192.168.114.32,27,192.168.114.33,192.168.114.34-192.168.114.62,192.168.114.34,192.168.114.62,192.168.114.33,192.168.114.62,192.168.114.63
EWT_515,1115,192.168.114.64/27,192.168.114.64,27,192.168.114.65,192.168.114.66-192.168.114.94,192.168.114.66,192.168.114.94,192.168.114.65,192.168.114.94,192.168.114.95
EWT_516,1116,192.168.114.96/27,192.168.114.96,27,192.168.114.97,192.168.114.98-192.168.114.126,192.168.114.98,192.168.114.126,192.168.114.97,192.168.114.126,192.168.114.127
EWT_517,1117,192.168.114.128/27,192.168.114.128,27,192.168.114.129,192.168.114.130-192.168.114.158,192.168.114.130,192.168.114.158,192.168.114.129,192.168.114.158,192.168.114.159
EWT_519,1118,192.168.114.160/27,192.168.114.160,27,192.168.114.161,192.168.114.162-192.168.114.190,192.168.114.162,192.168.114.190,192.168.114.161,192.168.114.190,192.168.114.191
EWT_520,1119,192.168.114.192/27,192.168.114.192,27,192.168.114.193,192.168.114.194-192.168.114.222,192.168.114.194,192.168.114.222,192.168.114.193,192.168.114.222,192.168.114.223
EWT_521,1120,192.168.114.224/27,192.168.114.224,27,192.168.114.225,192.168.114.226-192.168.114.254,192.168.114.226,192.168.114.254,192.168.114.225,192.168.114.254,192.168.114.255
EWT_522,1121,192.168.115.0/27,192.168.115.0,27,192.168.115.1,192.168.115.2-192.168.115.30,192.168.115.2,192.168.115.30,192.168.115.1,192.168.115.30,192.168.115.31
EWT_523,1122,192.168.115.32/27,192.168.115.32,27,192.168.115.33,192.168.115.34-192.168.115.62,192.168.115.34,192.168.115.62,192.168.115.33,192.168.115.62,192.168.115.63
EWT_525,1123,192.168.115.64/27,192.168.115.64,27,192.168.115.65,192.168.115.66-192.168.115.94,192.168.115.66,192.168.115.94,192.168.115.65,192.168.115.94,192.168.115.95
EWT_526,1124,192.168.115.96/27,192.168.115.96,27,192.168.115.97,192.168.115.98-192.168.115.126,192.168.115.98,192.168.115.126,192.168.115.97,192.168.115.126,192.168.115.127
EWT_527,1125,192.168.115.128/27,192.168.115.128,27,192.168.115.129,192.168.115.130-192.168.115.158,192.168.115.130,192.168.115.158,192.168.115.129,192.168.115.158,192.168.115.159
EWT_528,1126,192.168.115.160/27,192.168.115.160,27,192.168.115.161,192.168.115.162-192.168.115.190,192.168.115.162,192.168.115.190,192.168.115.161,192.168.115.190,192.168.115.191
EWT_529,1127,192.168.115.192/27,192.168.115.192,27,192.168.115.193,192.168.115.194-192.168.115.222,192.168.115.194,192.168.115.222,192.168.115.193,192.168.115.222,192.168.115.223
EWT_530,1128,192.168.115.224/27,192.168.115.224,27,192.168.115.225,192.168.115.226-192.168.115.254,192.168.115.226,192.168.115.254,192.168.115.225,192.168.115.254,192.168.115.255
EWT_541,1129,192.168.116.0/27,192.168.116.0,27,192.168.116.1,192.168.116.2-192.168.116.30,192.168.116.2,192.168.116.30,192.168.116.1,192.168.116.30,192.168.116.31
EWT_542,1130,192.168.116.32/27,192.168.116.32,27,192.168.116.33,192.168.116.34-192.168.116.62,192.168.116.34,192.168.116.62,192.168.116.33,192.168.116.62,192.168.116.63
EWT_544,1131,192.168.116.64/27,192.168.116.64,27,192.168.116.65,192.168.116.66-192.168.116.94,192.168.116.66,192.168.116.94,192.168.116.65,192.168.116.94,192.168.116.95
EWT_548,1132,192.168.116.96/27,192.168.116.96,27,192.168.116.97,192.168.116.98-192.168.116.126,192.168.116.98,192.168.116.126,192.168.116.97,192.168.116.126,192.168.116.127
EWT_550,1133,192.168.116.128/27,192.168.116.128,27,192.168.116.129,192.168.116.130-192.168.116.158,192.168.116.130,192.168.116.158,192.168.116.129,192.168.116.158,192.168.116.159
EWT_551,1134,192.168.116.160/27,192.168.116.160,27,192.168.116.161,192.168.116.162-192.168.116.190,192.168.116.162,192.168.116.190,192.168.116.161,192.168.116.190,192.168.116.191
EWT_552,1135,192.168.116.192/27,192.168.116.192,27,192.168.116.193,192.168.116.194-192.168.116.222,192.168.116.194,192.168.116.222,192.168.116.193,192.168.116.222,192.168.116.223
EWT_553,1136,192.168.116.224/27,192.168.116.224,27,192.168.116.225,192.168.116.226-192.168.116.254,192.168.116.226,192.168.116.254,192.168.116.225,192.168.116.254,192.168.116.255
EWT_555,1137,192.168.117.0/27,192.168.117.0,27,192.168.117.1,192.168.117.2-192.168.117.30,192.168.117.2,192.168.117.30,192.168.117.1,192.168.117.30,192.168.117.31
EWT_556,1138,192.168.117.32/27,192.168.117.32,27,192.168.117.33,192.168.117.34-192.168.117.62,192.168.117.34,192.168.117.62,192.168.117.33,192.168.117.62,192.168.117.63
EWT_557,1139,192.168.117.64/27,192.168.117.64,27,192.168.117.65,192.168.117.66-192.168.117.94,192.168.117.66,192.168.117.94,192.168.117.65,192.168.117.94,192.168.117.95
EWT_563,1140,192.168.117.96/27,192.168.117.96,27,192.168.117.97,192.168.117.98-192.168.117.126,192.168.117.98,192.168.117.126,192.168.117.97,192.168.117.126,192.168.117.127
EWT_564,1141,192.168.117.128/27,192.168.117.128,27,192.168.117.129,192.168.117.130-192.168.117.158,192.168.117.130,192.168.117.158,192.168.117.129,192.168.117.158,192.168.117.159
EWT_565,1142,192.168.117.160/27,192.168.117.160,27,192.168.117.161,192.168.117.162-192.168.117.190,192.168.117.162,192.168.117.190,192.168.117.161,192.168.117.190,192.168.117.191
EWT_601,1143,192.168.117.192/27,192.168.117.192,27,192.168.117.193,192.168.117.194-192.168.117.222,192.168.117.194,192.168.117.222,192.168.117.193,192.168.117.222,192.168.117.223
EWT_603,1144,192.168.117.224/27,192.168.117.224,27,192.168.117.225,192.168.117.226-192.168.117.254,192.168.117.226,192.168.117.254,192.168.117.225,192.168.117.254,192.168.117.255
EWT_604,1145,192.168.118.0/27,192.168.118.0,27,192.168.118.1,192.168.118.2-192.168.118.30,192.168.118.2,192.168.118.30,192.168.118.1,192.168.118.30,192.168.118.31
EWT_606,1146,192.168.118.32/27,192.168.118.32,27,192.168.118.33,192.168.118.34-192.168.118.62,192.168.118.34,192.168.118.62,192.168.118.33,192.168.118.62,192.168.118.63
EWT_607,1147,192.168.118.64/27,192.168.118.64,27,192.168.118.65,192.168.118.66-192.168.118.94,192.168.118.66,192.168.118.94,192.168.118.65,192.168.118.94,192.168.118.95
EWT_608,1148,192.168.118.96/27,192.168.118.96,27,192.168.118.97,192.168.118.98-192.168.118.126,192.168.118.98,192.168.118.126,192.168.118.97,192.168.118.126,192.168.118.127
EWT_609,1149,192.168.118.128/27,192.168.118.128,27,192.168.118.129,192.168.118.130-192.168.118.158,192.168.118.130,192.168.118.158,192.168.118.129,192.168.118.158,192.168.118.159
EWT_610,1150,192.168.118.160/27,192.168.118.160,27,192.168.118.161,192.168.118.162-192.168.118.190,192.168.118.162,192.168.118.190,192.168.118.161,192.168.118.190,192.168.118.191
EWT_611,1151,192.168.118.192/27,192.168.118.192,27,192.168.118.193,192.168.118.194-192.168.118.222,192.168.118.194,192.168.118.222,192.168.118.193,192.168.118.222,192.168.118.223
EWT_612,1152,192.168.118.224/27,192.168.118.224,27,192.168.118.225,192.168.118.226-192.168.118.254,192.168.118.226,192.168.118.254,192.168.118.225,192.168.118.254,192.168.118.255
EWT_614,1153,192.168.119.0/27,192.168.119.0,27,192.168.119.1,192.168.119.2-192.168.119.30,192.168.119.2,192.168.119.30,192.168.119.1,192.168.119.30,192.168.119.31
EWT_615,1154,192.168.119.32/27,192.168.119.32,27,192.168.119.33,192.168.119.34-192.168.119.62,192.168.119.34,192.168.119.62,192.168.119.33,192.168.119.62,192.168.119.63
EWT_616,1155,192.168.119.64/27,192.168.119.64,27,192.168.119.65,192.168.119.66-192.168.119.94,192.168.119.66,192.168.119.94,192.168.119.65,192.168.119.94,192.168.119.95
EWT_617,1156,192.168.119.96/27,192.168.119.96,27,192.168.119.97,192.168.119.98-192.168.119.126,192.168.119.98,192.168.119.126,192.168.119.97,192.168.119.126,192.168.119.127
EWT_619,1157,192.168.119.128/27,192.168.119.128,27,192.168.119.129,192.168.119.130-192.168.119.158,192.168.119.130,192.168.119.158,192.168.119.129,192.168.119.158,192.168.119.159
EWT_620,1158,192.168.119.160/27,192.168.119.160,27,192.168.119.161,192.168.119.162-192.168.119.190,192.168.119.162,192.168.119.190,192.168.119.161,192.168.119.190,192.168.119.191
EWT_621,1159,192.168.119.192/27,192.168.119.192,27,192.168.119.193,192.168.119.194-192.168.119.222,192.168.119.194,192.168.119.222,192.168.119.193,192.168.119.222,192.168.119.223
EWT_622,1160,192.168.119.224/27,192.168.119.224,27,192.168.119.225,192.168.119.226-192.168.119.254,192.168.119.226,192.168.119.254,192.168.119.225,192.168.119.254,192.168.119.255
EWT_623,1161,192.168.120.0/27,192.168.120.0,27,192.168.120.1,192.168.120.2-192.168.120.30,192.168.120.2,192.168.120.30,192.168.120.1,192.168.120.30,192.168.120.31
EWT_625,1162,192.168.120.32/27,192.168.120.32,27,192.168.120.33,192.168.120.34-192.168.120.62,192.168.120.34,192.168.120.62,192.168.120.33,192.168.120.62,192.168.120.63
EWT_626,1163,192.168.120.64/27,192.168.120.64,27,192.168.120.65,192.168.120.66-192.168.120.94,192.168.120.66,192.168.120.94,192.168.120.65,192.168.120.94,192.168.120.95
EWT_627,1164,192.168.120.96/27,192.168.120.96,27,192.168.120.97,192.168.120.98-192.168.120.126,192.168.120.98,192.168.120.126,192.168.120.97,192.168.120.126,192.168.120.127
EWT_628,1165,192.168.120.128/27,192.168.120.128,27,192.168.120.129,192.168.120.130-192.168.120.158,192.168.120.130,192.168.120.158,192.168.120.129,192.168.120.158,192.168.120.159
EWT_629,1166,192.168.120.160/27,192.168.120.160,27,192.168.120.161,192.168.120.162-192.168.120.190,192.168.120.162,192.168.120.190,192.168.120.161,192.168.120.190,192.168.120.191
EWT_630,1167,192.168.120.192/27,192.168.120.192,27,192.168.120.193,192.168.120.194-192.168.120.222,192.168.120.194,192.168.120.222,192.168.120.193,192.168.120.222,192.168.120.223
EWT_641,1168,192.168.120.224/27,192.168.120.224,27,192.168.120.225,192.168.120.226-192.168.120.254,192.168.120.226,192.168.120.254,192.168.120.225,192.168.120.254,192.168.120.255
EWT_642,1169,192.168.121.0/27,192.168.121.0,27,192.168.121.1,192.168.121.2-192.168.121.30,192.168.121.2,192.168.121.30,192.168.121.1,192.168.121.30,192.168.121.31
EWT_644,1170,192.168.121.32/27,192.168.121.32,27,192.168.121.33,192.168.121.34-192.168.121.62,192.168.121.34,192.168.121.62,192.168.121.33,192.168.121.62,192.168.121.63
EWT_648,1171,192.168.121.64/27,192.168.121.64,27,192.168.121.65,192.168.121.66-192.168.121.94,192.168.121.66,192.168.121.94,192.168.121.65,192.168.121.94,192.168.121.95
EWT_650,1172,192.168.121.96/27,192.168.121.96,27,192.168.121.97,192.168.121.98-192.168.121.126,192.168.121.98,192.168.121.126,192.168.121.97,192.168.121.126,192.168.121.127
EWT_651,1173,192.168.121.128/27,192.168.121.128,27,192.168.121.129,192.168.121.130-192.168.121.158,192.168.121.130,192.168.121.158,192.168.121.129,192.168.121.158,192.168.121.159
EWT_652,1174,192.168.121.160/27,192.168.121.160,27,192.168.121.161,192.168.121.162-192.168.121.190,192.168.121.162,192.168.121.190,192.168.121.161,192.168.121.190,192.168.121.191
EWT_653,1175,192.168.121.192/27,192.168.121.192,27,192.168.121.193,192.168.121.194-192.168.121.222,192.168.121.194,192.168.121.222,192.168.121.193,192.168.121.222,192.168.121.223
EWT_655,1176,192.168.121.224/27,192.168.121.224,27,192.168.121.225,192.168.121.226-192.168.121.254,192.168.121.226,192.168.121.254,192.168.121.225,192.168.121.254,192.168.121.255
EWT_656,1177,192.168.122.0/27,192.168.122.0,27,192.168.122.1,192.168.122.2-192.168.122.30,192.168.122.2,192.168.122.30,192.168.122.1,192.168.122.30,192.168.122.31
EWT_657,1178,192.168.122.32/27,192.168.122.32,27,192.168.122.33,192.168.122.34-192.168.122.62,192.168.122.34,192.168.122.62,192.168.122.33,192.168.122.62,192.168.122.63
EWT_663,1179,192.168.122.64/27,192.168.122.64,27,192.168.122.65,192.168.122.66-192.168.122.94,192.168.122.66,192.168.122.94,192.168.122.65,192.168.122.94,192.168.122.95
EWT_664,1180,192.168.122.96/27,192.168.122.96,27,192.168.122.97,192.168.122.98-192.168.122.126,192.168.122.98,192.168.122.126,192.168.122.97,192.168.122.126,192.168.122.127
EWT_665,1181,192.168.122.128/27,192.168.122.128,27,192.168.122.129,192.168.122.130-192.168.122.158,192.168.122.130,192.168.122.158,192.168.122.129,192.168.122.158,192.168.122.159
EWT_701,1182,192.168.122.160/27,192.168.122.160,27,192.168.122.161,192.168.122.162-192.168.122.190,192.168.122.162,192.168.122.190,192.168.122.161,192.168.122.190,192.168.122.191
EWT_703,1183,192.168.122.192/27,192.168.122.192,27,192.168.122.193,192.168.122.194-192.168.122.222,192.168.122.194,192.168.122.222,192.168.122.193,192.168.122.222,192.168.122.223
EWT_704,1184,192.168.122.224/27,192.168.122.224,27,192.168.122.225,192.168.122.226-192.168.122.254,192.168.122.226,192.168.122.254,192.168.122.225,192.168.122.254,192.168.122.255
EWT_705,1185,192.168.123.0/27,192.168.123.0,27,192.168.123.1,192.168.123.2-192.168.123.30,192.168.123.2,192.168.123.30,192.168.123.1,192.168.123.30,192.168.123.31
EWT_706,1186,192.168.123.32/27,192.168.123.32,27,192.168.123.33,192.168.123.34-192.168.123.62,192.168.123.34,192.168.123.62,192.168.123.33,192.168.123.62,192.168.123.63
EWT_707,1187,192.168.123.64/27,192.168.123.64,27,192.168.123.65,192.168.123.66-192.168.123.94,192.168.123.66,192.168.123.94,192.168.123.65,192.168.123.94,192.168.123.95
EWT_708,1188,192.168.123.96/27,192.168.123.96,27,192.168.123.97,192.168.123.98-192.168.123.126,192.168.123.98,192.168.123.126,192.168.123.97,192.168.123.126,192.168.123.127
EWT_709,1189,192.168.123.128/27,192.168.123.128,27,192.168.123.129,192.168.123.130-192.168.123.158,192.168.123.130,192.168.123.158,192.168.123.129,192.168.123.158,192.168.123.159
EWT_710,1190,192.168.123.160/27,192.168.123.160,27,192.168.123.161,192.168.123.162-192.168.123.190,192.168.123.162,192.168.123.190,192.168.123.161,192.168.123.190,192.168.123.191
EWT_711,1191,192.168.123.192/27,192.168.123.192,27,192.168.123.193,192.168.123.194-192.168.123.222,192.168.123.194,192.168.123.222,192.168.123.193,192.168.123.222,192.168.123.223
EWT_712,1192,192.168.123.224/27,192.168.123.224,27,192.168.123.225,192.168.123.226-192.168.123.254,192.168.123.226,192.168.123.254,192.168.123.225,192.168.123.254,192.168.123.255
EWT_714,1193,192.168.124.0/27,192.168.124.0,27,192.168.124.1,192.168.124.2-192.168.124.30,192.168.124.2,192.168.124.30,192.168.124.1,192.168.124.30,192.168.124.31
EWT_715,1194,192.168.124.32/27,192.168.124.32,27,192.168.124.33,192.168.124.34-192.168.124.62,192.168.124.34,192.168.124.62,192.168.124.33,192.168.124.62,192.168.124.63
EWT_716,1195,192.168.124.64/27,192.168.124.64,27,192.168.124.65,192.168.124.66-192.168.124.94,192.168.124.66,192.168.124.94,192.168.124.65,192.168.124.94,192.168.124.95
EWT_717,1196,192.168.124.96/27,192.168.124.96,27,192.168.124.97,192.168.124.98-192.168.124.126,192.168.124.98,192.168.124.126,192.168.124.97,192.168.124.126,192.168.124.127
EWT_719,1197,192.168.124.128/27,192.168.124.128,27,192.168.124.129,192.168.124.130-192.168.124.158,192.168.124.130,192.168.124.158,192.168.124.129,192.168.124.158,192.168.124.159
EWT_720,1198,192.168.124.160/27,192.168.124.160,27,192.168.124.161,192.168.124.162-192.168.124.190,192.168.124.162,192.168.124.190,192.168.124.161,192.168.124.190,192.168.124.191
EWT_721,1199,192.168.124.192/27,192.168.124.192,27,192.168.124.193,192.168.124.194-192.168.124.222,192.168.124.194,192.168.124.222,192.168.124.193,192.168.124.222,192.168.124.223
EWT_722,1200,192.168.124.224/27,192.168.124.224,27,192.168.124.225,192.168.124.226-192.168.124.254,192.168.124.226,192.168.124.254,192.168.124.225,192.168.124.254,192.168.124.255
EWT_723,1201,192.168.125.0/27,192.168.125.0,27,192.168.125.1,192.168.125.2-192.168.125.30,192.168.125.2,192.168.125.30,192.168.125.1,192.168.125.30,192.168.125.31
EWT_725,1202,192.168.125.32/27,192.168.125.32,27,192.168.125.33,192.168.125.34-192.168.125.62,192.168.125.34,192.168.125.62,192.168.125.33,192.168.125.62,192.168.125.63
EWT_726,1203,192.168.125.64/27,192.168.125.64,27,192.168.125.65,192.168.125.66-192.168.125.94,192.168.125.66,192.168.125.94,192.168.125.65,192.168.125.94,192.168.125.95
EWT_727,1204,192.168.125.96/27,192.168.125.96,27,192.168.125.97,192.168.125.98-192.168.125.126,192.168.125.98,192.168.125.126,192.168.125.97,192.168.125.126,192.168.125.127
EWT_728,1205,192.168.125.128/27,192.168.125.128,27,192.168.125.129,192.168.125.130-192.168.125.158,192.168.125.130,192.168.125.158,192.168.125.129,192.168.125.158,192.168.125.159
EWT_729,1206,192.168.125.160/27,192.168.125.160,27,192.168.125.161,192.168.125.162-192.168.125.190,192.168.125.162,192.168.125.190,192.168.125.161,192.168.125.190,192.168.125.191
EWT_730,1207,192.168.125.192/27,192.168.125.192,27,192.168.125.193,192.168.125.194-192.168.125.222,192.168.125.194,192.168.125.222,192.168.125.193,192.168.125.222,192.168.125.223
EWT_741,1208,192.168.125.224/27,192.168.125.224,27,192.168.125.225,192.168.125.226-192.168.125.254,192.168.125.226,192.168.125.254,192.168.125.225,192.168.125.254,192.168.125.255
EWT_742,1209,192.168.126.0/27,192.168.126.0,27,192.168.126.1,192.168.126.2-192.168.126.30,192.168.126.2,192.168.126.30,192.168.126.1,192.168.126.30,192.168.126.31
EWT_744,1210,192.168.126.32/27,192.168.126.32,27,192.168.126.33,192.168.126.34-192.168.126.62,192.168.126.34,192.168.126.62,192.168.126.33,192.168.126.62,192.168.126.63
EWT_748,1211,192.168.126.64/27,192.168.126.64,27,192.168.126.65,192.168.126.66-192.168.126.94,192.168.126.66,192.168.126.94,192.168.126.65,192.168.126.94,192.168.126.95
EWT_750,1212,192.168.126.96/27,192.168.126.96,27,192.168.126.97,192.168.126.98-192.168.126.126,192.168.126.98,192.168.126.126,192.168.126.97,192.168.126.126,192.168.126.127
EWT_751,1213,192.168.126.128/27,192.168.126.128,27,192.168.126.129,192.168.126.130-192.168.126.158,192.168.126.130,192.168.126.158,192.168.126.129,192.168.126.158,192.168.126.159
EWT_752,1214,192.168.126.160/27,192.168.126.160,27,192.168.126.161,192.168.126.162-192.168.126.190,192.168.126.162,192.168.126.190,192.168.126.161,192.168.126.190,192.168.126.191
EWT_753,1215,192.168.126.192/27,192.168.126.192,27,192.168.126.193,192.168.126.194-192.168.126.222,192.168.126.194,192.168.126.222,192.168.126.193,192.168.126.222,192.168.126.223
EWT_755,1216,192.168.126.224/27,192.168.126.224,27,192.168.126.225,192.168.126.226-192.168.126.254,192.168.126.226,192.168.126.254,192.168.126.225,192.168.126.254,192.168.126.255
EWT_756,1217,192.168.127.0/27,192.168.127.0,27,192.168.127.1,192.168.127.2-192.168.127.30,192.168.127.2,192.168.127.30,192.168.127.1,192.168.127.30,192.168.127.31
EWT_757,1218,192.168.127.32/27,192.168.127.32,27,192.168.127.33,192.168.127.34-192.168.127.62,192.168.127.34,192.168.127.62,192.168.127.33,192.168.127.62,192.168.127.63
EWT_763,1219,192.168.127.64/27,192.168.127.64,27,192.168.127.65,192.168.127.66-192.168.127.94,192.168.127.66,192.168.127.94,192.168.127.65,192.168.127.94,192.168.127.95
EWT_764,1220,192.168.127.96/27,192.168.127.96,27,192.168.127.97,192.168.127.98-192.168.127.126,192.168.127.98,192.168.127.126,192.168.127.97,192.168.127.126,192.168.127.127
EWT_765,1221,192.168.127.128/27,192.168.127.128,27,192.168.127.129,192.168.127.130-192.168.127.158,192.168.127.130,192.168.127.158,192.168.127.129,192.168.127.158,192.168.127.159
EWT_801,1222,192.168.127.160/27,192.168.127.160,27,192.168.127.161,192.168.127.162-192.168.127.190,192.168.127.162,192.168.127.190,192.168.127.161,192.168.127.190,192.168.127.191
EWT_802,1223,192.168.127.192/27,192.168.127.192,27,192.168.127.193,192.168.127.194-192.168.127.222,192.168.127.194,192.168.127.222,192.168.127.193,192.168.127.222,192.168.127.223
EWT_803,1224,192.168.127.224/27,192.168.127.224,27,192.168.127.225,192.168.127.226-192.168.127.254,192.168.127.226,192.168.127.254,192.168.127.225,192.168.127.254,192.168.127.255
EWT_804,1225,192.168.128.0/27,192.168.128.0,27,192.168.128.1,192.168.128.2-192.168.128.30,192.168.128.2,192.168.128.30,192.168.128.1,192.168.128.30,192.168.128.31
EWT_806,1226,192.168.128.32/27,192.168.128.32,27,192.168.128.33,192.168.128.34-192.168.128.62,192.168.128.34,192.168.128.62,192.168.128.33,192.168.128.62,192.168.128.63
EWT_807,1227,192.168.128.64/27,192.168.128.64,27,192.168.128.65,192.168.128.66-192.168.128.94,192.168.128.66,192.168.128.94,192.168.128.65,192.168.128.94,192.168.128.95
EWT_808,1228,192.168.128.96/27,192.168.128.96,27,192.168.128.97,192.168.128.98-192.168.128.126,192.168.128.98,192.168.128.126,192.168.128.97,192.168.128.126,192.168.128.127
EWT_809,1229,192.168.128.128/27,192.168.128.128,27,192.168.128.129,192.168.128.130-192.168.128.158,192.168.128.130,192.168.128.158,192.168.128.129,192.168.128.158,192.168.128.159
EWT_810,1230,192.168.128.160/27,192.168.128.160,27,192.168.128.161,192.168.128.162-192.168.128.190,192.168.128.162,192.168.128.190,192.168.128.161,192.168.128.190,192.168.128.191
EWT_811,1231,192.168.128.192/27,192.168.128.192,27,192.168.128.193,192.168.128.194-192.168.128.222,192.168.128.194,192.168.128.222,192.168.128.193,192.168.128.222,192.168.128.223
EWT_812,1232,192.168.128.224/27,192.168.128.224,27,192.168.128.225,192.168.128.226-192.168.128.254,192.168.128.226,192.168.128.254,192.168.128.225,192.168.128.254,192.168.128.255
EWT_813,1233,192.168.129.0/27,192.168.129.0,27,192.168.129.1,192.168.129.2-192.168.129.30,192.168.129.2,192.168.129.30,192.168.129.1,192.168.129.30,192.168.129.31
EWT_814,1234,192.168.129.32/27,192.168.129.32,27,192.168.129.33,192.168.129.34-192.168.129.62,192.168.129.34,192.168.129.62,192.168.129.33,192.168.129.62,192.168.129.63
EWT_815,1235,192.168.129.64/27,192.168.129.64,27,192.168.129.65,192.168.129.66-192.168.129.94,192.168.129.66,192.168.129.94,192.168.129.65,192.168.129.94,192.168.129.95
EWT_816,1236,192.168.129.96/27,192.168.129.96,27,192.168.129.97,192.168.129.98-192.168.129.126,192.168.129.98,192.168.129.126,192.168.129.97,192.168.129.126,192.168.129.127
EWT_817,1237,192.168.129.128/27,192.168.129.128,27,192.168.129.129,192.168.129.130-192.168.129.158,192.168.129.130,192.168.129.158,192.168.129.129,192.168.129.158,192.168.129.159
EWT_819,1238,192.168.129.160/27,192.168.129.160,27,192.168.129.161,192.168.129.162-192.168.129.190,192.168.129.162,192.168.129.190,192.168.129.161,192.168.129.190,192.168.129.191
EWT_820,1239,192.168.129.192/27,192.168.129.192,27,192.168.129.193,192.168.129.194-192.168.129.222,192.168.129.194,192.168.129.222,192.168.129.193,192.168.129.222,192.168.129.223
EWT_821,1240,192.168.129.224/27,192.168.129.224,27,192.168.129.225,192.168.129.226-192.168.129.254,192.168.129.226,192.168.129.254,192.168.129.225,192.168.129.254,192.168.129.255
EWT_822,1241,192.168.130.0/27,192.168.130.0,27,192.168.130.1,192.168.130.2-192.168.130.30,192.168.130.2,192.168.130.30,192.168.130.1,192.168.130.30,192.168.130.31
EWT_823,1242,192.168.130.32/27,192.168.130.32,27,192.168.130.33,192.168.130.34-192.168.130.62,192.168.130.34,192.168.130.62,192.168.130.33,192.168.130.62,192.168.130.63
EWT_825,1243,192.168.130.64/27,192.168.130.64,27,192.168.130.65,192.168.130.66-192.168.130.94,192.168.130.66,192.168.130.94,192.168.130.65,192.168.130.94,192.168.130.95
EWT_826,1244,192.168.130.96/27,192.168.130.96,27,192.168.130.97,192.168.130.98-192.168.130.126,192.168.130.98,192.168.130.126,192.168.130.97,192.168.130.126,192.168.130.127
EWT_827,1245,192.168.130.128/27,192.168.130.128,27,192.168.130.129,192.168.130.130-192.168.130.158,192.168.130.130,192.168.130.158,192.168.130.129,192.168.130.158,192.168.130.159
EWT_828,1246,192.168.130.160/27,192.168.130.160,27,192.168.130.161,192.168.130.162-192.168.130.190,192.168.130.162,192.168.130.190,192.168.130.161,192.168.130.190,192.168.130.191
EWT_829,1247,192.168.130.192/27,192.168.130.192,27,192.168.130.193,192.168.130.194-192.168.130.222,192.168.130.194,192.168.130.222,192.168.130.193,192.168.130.222,192.168.130.223
EWT_830,1248,192.168.130.224/27,192.168.130.224,27,192.168.130.225,192.168.130.226-192.168.130.254,192.168.130.226,192.168.130.254,192.168.130.225,192.168.130.254,192.168.130.255
EWT_841,1249,192.168.131.0/27,192.168.131.0,27,192.168.131.1,192.168.131.2-192.168.131.30,192.168.131.2,192.168.131.30,192.168.131.1,192.168.131.30,192.168.131.31
EWT_842,1250,192.168.131.32/27,192.168.131.32,27,192.168.131.33,192.168.131.34-192.168.131.62,192.168.131.34,192.168.131.62,192.168.131.33,192.168.131.62,192.168.131.63
EWT_844,1251,192.168.131.64/27,192.168.131.64,27,192.168.131.65,192.168.131.66-192.168.131.94,192.168.131.66,192.168.131.94,192.168.131.65,192.168.131.94,192.168.131.95
EWT_848,1252,192.168.131.96/27,192.168.131.96,27,192.168.131.97,192.168.131.98-192.168.131.126,192.168.131.98,192.168.131.126,192.168.131.97,192.168.131.126,192.168.131.127
EWT_850,1253,192.168.131.128/27,192.168.131.128,27,192.168.131.129,192.168.131.130-192.168.131.158,192.168.131.130,192.168.131.158,192.168.131.129,192.168.131.158,192.168.131.159
EWT_851,1254,192.168.131.160/27,192.168.131.160,27,192.168.131.161,192.168.131.162-192.168.131.190,192.168.131.162,192.168.131.190,192.168.131.161,192.168.131.190,192.168.131.191
EWT_852,1255,192.168.131.192/27,192.168.131.192,27,192.168.131.193,192.168.131.194-192.168.131.222,192.168.131.194,192.168.131.222,192.168.131.193,192.168.131.222,192.168.131.223
EWT_853,1256,192.168.131.224/27,192.168.131.224,27,192.168.131.225,192.168.131.226-192.168.131.254,192.168.131.226,192.168.131.254,192.168.131.225,192.168.131.254,192.168.131.255
EWT_855,1257,192.168.132.0/27,192.168.132.0,27,192.168.132.1,192.168.132.2-192.168.132.30,192.168.132.2,192.168.132.30,192.168.132.1,192.168.132.30,192.168.132.31
EWT_856,1258,192.168.132.32/27,192.168.132.32,27,192.168.132.33,192.168.132.34-192.168.132.62,192.168.132.34,192.168.132.62,192.168.132.33,192.168.132.62,192.168.132.63
EWT_857,1259,192.168.132.64/27,192.168.132.64,27,192.168.132.65,192.168.132.66-192.168.132.94,192.168.132.66,192.168.132.94,192.168.132.65,192.168.132.94,192.168.132.95
EWT_863,1260,192.168.132.96/27,192.168.132.96,27,192.168.132.97,192.168.132.98-192.168.132.126,192.168.132.98,192.168.132.126,192.168.132.97,192.168.132.126,192.168.132.127
EWT_864,1261,192.168.132.128/27,192.168.132.128,27,192.168.132.129,192.168.132.130-192.168.132.158,192.168.132.130,192.168.132.158,192.168.132.129,192.168.132.158,192.168.132.159
EWT_865,1262,192.168.132.160/27,192.168.132.160,27,192.168.132.161,192.168.132.162-192.168.132.190,192.168.132.162,192.168.132.190,192.168.132.161,192.168.132.190,192.168.132.191
EWT_901,1263,192.168.132.192/27,192.168.132.192,27,192.168.132.193,192.168.132.194-192.168.132.222,192.168.132.194,192.168.132.222,192.168.132.193,192.168.132.222,192.168.132.223
EWT_903,1264,192.168.132.224/27,192.168.132.224,27,192.168.132.225,192.168.132.226-192.168.132.254,192.168.132.226,192.168.132.254,192.168.132.225,192.168.132.254,192.168.132.255
EWT_904,1265,192.168.133.0/27,192.168.133.0,27,192.168.133.1,192.168.133.2-192.168.133.30,192.168.133.2,192.168.133.30,192.168.133.1,192.168.133.30,192.168.133.31
EWT_906,1266,192.168.133.32/27,192.168.133.32,27,192.168.133.33,192.168.133.34-192.168.133.62,192.168.133.34,192.168.133.62,192.168.133.33,192.168.133.62,192.168.133.63
EWT_907,1267,192.168.133.64/27,192.168.133.64,27,192.168.133.65,192.168.133.66-192.168.133.94,192.168.133.66,192.168.133.94,192.168.133.65,192.168.133.94,192.168.133.95
EWT_908,1268,192.168.133.96/27,192.168.133.96,27,192.168.133.97,192.168.133.98-192.168.133.126,192.168.133.98,192.168.133.126,192.168.133.97,192.168.133.126,192.168.133.127
EWT_909,1269,192.168.133.128/27,192.168.133.128,27,192.168.133.129,192.168.133.130-192.168.133.158,192.168.133.130,192.168.133.158,192.168.133.129,192.168.133.158,192.168.133.159
EWT_910,1270,192.168.133.160/27,192.168.133.160,27,192.168.133.161,192.168.133.162-192.168.133.190,192.168.133.162,192.168.133.190,192.168.133.161,192.168.133.190,192.168.133.191
EWT_911,1271,192.168.133.192/27,192.168.133.192,27,192.168.133.193,192.168.133.194-192.168.133.222,192.168.133.194,192.168.133.222,192.168.133.193,192.168.133.222,192.168.133.223
EWT_912,1272,192.168.133.224/27,192.168.133.224,27,192.168.133.225,192.168.133.226-192.168.133.254,192.168.133.226,192.168.133.254,192.168.133.225,192.168.133.254,192.168.133.255
EWT_913,1273,192.168.134.0/27,192.168.134.0,27,192.168.134.1,192.168.134.2-192.168.134.30,192.168.134.2,192.168.134.30,192.168.134.1,192.168.134.30,192.168.134.31
EWT_914,1274,192.168.134.32/27,192.168.134.32,27,192.168.134.33,192.168.134.34-192.168.134.62,192.168.134.34,192.168.134.62,192.168.134.33,192.168.134.62,192.168.134.63
EWT_915,1275,192.168.134.64/27,192.168.134.64,27,192.168.134.65,192.168.134.66-192.168.134.94,192.168.134.66,192.168.134.94,192.168.134.65,192.168.134.94,192.168.134.95
EWT_916,1276,192.168.134.96/27,192.168.134.96,27,192.168.134.97,192.168.134.98-192.168.134.126,192.168.134.98,192.168.134.126,192.168.134.97,192.168.134.126,192.168.134.127
EWT_917,1277,192.168.134.128/27,192.168.134.128,27,192.168.134.129,192.168.134.130-192.168.134.158,192.168.134.130,192.168.134.158,192.168.134.129,192.168.134.158,192.168.134.159
EWT_918,1278,192.168.134.160/27,192.168.134.160,27,192.168.134.161,192.168.134.162-192.168.134.190,192.168.134.162,192.168.134.190,192.168.134.161,192.168.134.190,192.168.134.191
EWT_919,1279,192.168.134.192/27,192.168.134.192,27,192.168.134.193,192.168.134.194-192.168.134.222,192.168.134.194,192.168.134.222,192.168.134.193,192.168.134.222,192.168.134.223
EWT_920,1280,192.168.134.224/27,192.168.134.224,27,192.168.134.225,192.168.134.226-192.168.134.254,192.168.134.226,192.168.134.254,192.168.134.225,192.168.134.254,192.168.134.255
EWT_921,1281,192.168.135.0/27,192.168.135.0,27,192.168.135.1,192.168.135.2-192.168.135.30,192.168.135.2,192.168.135.30,192.168.135.1,192.168.135.30,192.168.135.31
EWT_922,1282,192.168.135.32/27,192.168.135.32,27,192.168.135.33,192.168.135.34-192.168.135.62,192.168.135.34,192.168.135.62,192.168.135.33,192.168.135.62,192.168.135.63
EWT_923,1283,192.168.135.64/27,192.168.135.64,27,192.168.135.65,192.168.135.66-192.168.135.94,192.168.135.66,192.168.135.94,192.168.135.65,192.168.135.94,192.168.135.95
EWT_925,1284,192.168.135.96/27,192.168.135.96,27,192.168.135.97,192.168.135.98-192.168.135.126,192.168.135.98,192.168.135.126,192.168.135.97,192.168.135.126,192.168.135.127
EWT_926,1285,192.168.135.128/27,192.168.135.128,27,192.168.135.129,192.168.135.130-192.168.135.158,192.168.135.130,192.168.135.158,192.168.135.129,192.168.135.158,192.168.135.159
EWT_928,1286,192.168.135.160/27,192.168.135.160,27,192.168.135.161,192.168.135.162-192.168.135.190,192.168.135.162,192.168.135.190,192.168.135.161,192.168.135.190,192.168.135.191
EWT_929,1287,192.168.135.192/27,192.168.135.192,27,192.168.135.193,192.168.135.194-192.168.135.222,192.168.135.194,192.168.135.222,192.168.135.193,192.168.135.222,192.168.135.223
EWT_930,1288,192.168.135.224/27,192.168.135.224,27,192.168.135.225,192.168.135.226-192.168.135.254,192.168.135.226,192.168.135.254,192.168.135.225,192.168.135.254,192.168.135.255
EWT_941,1289,192.168.136.0/27,192.168.136.0,27,192.168.136.1,192.168.136.2-192.168.136.30,192.168.136.2,192.168.136.30,192.168.136.1,192.168.136.30,192.168.136.31
EWT_942,1290,192.168.136.32/27,192.168.136.32,27,192.168.136.33,192.168.136.34-192.168.136.62,192.168.136.34,192.168.136.62,192.168.136.33,192.168.136.62,192.168.136.63
EWT_944,1291,192.168.136.64/27,192.168.136.64,27,192.168.136.65,192.168.136.66-192.168.136.94,192.168.136.66,192.168.136.94,192.168.136.65,192.168.136.94,192.168.136.95
EWT_948,1292,192.168.136.96/27,192.168.136.96,27,192.168.136.97,192.168.136.98-192.168.136.126,192.168.136.98,192.168.136.126,192.168.136.97,192.168.136.126,192.168.136.127
EWT_950,1293,192.168.136.128/27,192.168.136.128,27,192.168.136.129,192.168.136.130-192.168.136.158,192.168.136.130,192.168.136.158,192.168.136.129,192.168.136.158,192.168.136.159
EWT_951,1294,192.168.136.160/27,192.168.136.160,27,192.168.136.161,192.168.136.162-192.168.136.190,192.168.136.162,192.168.136.190,192.168.136.161,192.168.136.190,192.168.136.191
EWT_952,1295,192.168.136.192/27,192.168.136.192,27,192.168.136.193,192.168.136.194-192.168.136.222,192.168.136.194,192.168.136.222,192.168.136.193,192.168.136.222,192.168.136.223
EWT_953,1296,192.168.136.224/27,192.168.136.224,27,192.168.136.225,192.168.136.226-192.168.136.254,192.168.136.226,192.168.136.254,192.168.136.225,192.168.136.254,192.168.136.255
EWT_955,1297,192.168.137.0/27,192.168.137.0,27,192.168.137.1,192.168.137.2-192.168.137.30,192.168.137.2,192.168.137.30,192.168.137.1,192.168.137.30,192.168.137.31
EWT_956,1298,192.168.137.32/27,192.168.137.32,27,192.168.137.33,192.168.137.34-192.168.137.62,192.168.137.34,192.168.137.62,192.168.137.33,192.168.137.62,192.168.137.63
EWT_957,1299,192.168.137.64/27,192.168.137.64,27,192.168.137.65,192.168.137.66-192.168.137.94,192.168.137.66,192.168.137.94,192.168.137.65,192.168.137.94,192.168.137.95
EWT_963,1300,192.168.137.96/27,192.168.137.96,27,192.168.137.97,192.168.137.98-192.168.137.126,192.168.137.98,192.168.137.126,192.168.137.97,192.168.137.126,192.168.137.127
EWT_964,1301,192.168.137.128/27,192.168.137.128,27,192.168.137.129,192.168.137.130-192.168.137.158,192.168.137.130,192.168.137.158,192.168.137.129,192.168.137.158,192.168.137.159
EWT_965,1302,192.168.137.160/27,192.168.137.160,27,192.168.137.161,192.168.137.162-192.168.137.190,192.168.137.162,192.168.137.190,192.168.137.161,192.168.137.190,192.168.137.191
EWT_1001,1303,192.168.137.192/27,192.168.137.192,27,192.168.137.193,192.168.137.194-192.168.137.222,192.168.137.194,192.168.137.222,192.168.137.193,192.168.137.222,192.168.137.223
EWT_1003,1304,192.168.137.224/27,192.168.137.224,27,192.168.137.225,192.168.137.226-192.168.137.254,192.168.137.226,192.168.137.254,192.168.137.225,192.168.137.254,192.168.137.255
EWT_1004,1305,192.168.138.0/27,192.168.138.0,27,192.168.138.1,192.168.138.2-192.168.138.30,192.168.138.2,192.168.138.30,192.168.138.1,192.168.138.30,192.168.138.31
EWT_1005,1306,192.168.138.32/27,192.168.138.32,27,192.168.138.33,192.168.138.34-192.168.138.62,192.168.138.34,192.168.138.62,192.168.138.33,192.168.138.62,192.168.138.63
EWT_1006,1307,192.168.138.64/27,192.168.138.64,27,192.168.138.65,192.168.138.66-192.168.138.94,192.168.138.66,192.168.138.94,192.168.138.65,192.168.138.94,192.168.138.95
EWT_1007,1308,192.168.138.96/27,192.168.138.96,27,192.168.138.97,192.168.138.98-192.168.138.126,192.168.138.98,192.168.138.126,192.168.138.97,192.168.138.126,192.168.138.127
EWT_1008,1309,192.168.138.128/27,192.168.138.128,27,192.168.138.129,192.168.138.130-192.168.138.158,192.168.138.130,192.168.138.158,192.168.138.129,192.168.138.158,192.168.138.159
EWT_1009,1310,192.168.138.160/27,192.168.138.160,27,192.168.138.161,192.168.138.162-192.168.138.190,192.168.138.162,192.168.138.190,192.168.138.161,192.168.138.190,192.168.138.191
EWT_1010,1311,192.168.138.192/27,192.168.138.192,27,192.168.138.193,192.168.138.194-192.168.138.222,192.168.138.194,192.168.138.222,192.168.138.193,192.168.138.222,192.168.138.223
EWT_1011,1312,192.168.138.224/27,192.168.138.224,27,192.168.138.225,192.168.138.226-192.168.138.254,192.168.138.226,192.168.138.254,192.168.138.225,192.168.138.254,192.168.138.255
EWT_1012,1313,192.168.139.0/27,192.168.139.0,27,192.168.139.1,192.168.139.2-192.168.139.30,192.168.139.2,192.168.139.30,192.168.139.1,192.168.139.30,192.168.139.31
EWT_1014,1314,192.168.139.32/27,192.168.139.32,27,192.168.139.33,192.168.139.34-192.168.139.62,192.168.139.34,192.168.139.62,192.168.139.33,192.168.139.62,192.168.139.63
EWT_1015,1315,192.168.139.64/27,192.168.139.64,27,192.168.139.65,192.168.139.66-192.168.139.94,192.168.139.66,192.168.139.94,192.168.139.65,192.168.139.94,192.168.139.95
EWT_1016,1316,192.168.139.96/27,192.168.139.96,27,192.168.139.97,192.168.139.98-192.168.139.126,192.168.139.98,192.168.139.126,192.168.139.97,192.168.139.126,192.168.139.127
EWT_1017,1317,192.168.139.128/27,192.168.139.128,27,192.168.139.129,192.168.139.130-192.168.139.158,192.168.139.130,192.168.139.158,192.168.139.129,192.168.139.158,192.168.139.159
EWT_1019,1318,192.168.139.160/27,192.168.139.160,27,192.168.139.161,192.168.139.162-192.168.139.190,192.168.139.162,192.168.139.190,192.168.139.161,192.168.139.190,192.168.139.191
EWT_1020,1319,192.168.139.192/27,192.168.139.192,27,192.168.139.193,192.168.139.194-192.168.139.222,192.168.139.194,192.168.139.222,192.168.139.193,192.168.139.222,192.168.139.223
EWT_1021,1320,192.168.139.224/27,192.168.139.224,27,192.168.139.225,192.168.139.226-192.168.139.254,192.168.139.226,192.168.139.254,192.168.139.225,192.168.139.254,192.168.139.255
EWT_1022,1321,192.168.140.0/27,192.168.140.0,27,192.168.140.1,192.168.140.2-192.168.140.30,192.168.140.2,192.168.140.30,192.168.140.1,192.168.140.30,192.168.140.31
EWT_1023,1322,192.168.140.32/27,192.168.140.32,27,192.168.140.33,192.168.140.34-192.168.140.62,192.168.140.34,192.168.140.62,192.168.140.33,192.168.140.62,192.168.140.63
EWT_1024,1323,192.168.140.64/27,192.168.140.64,27,192.168.140.65,192.168.140.66-192.168.140.94,192.168.140.66,192.168.140.94,192.168.140.65,192.168.140.94,192.168.140.95
EWT_1025,1324,192.168.140.96/27,192.168.140.96,27,192.168.140.97,192.168.140.98-192.168.140.126,192.168.140.98,192.168.140.126,192.168.140.97,192.168.140.126,192.168.140.127
EWT_1026,1325,192.168.140.128/27,192.168.140.128,27,192.168.140.129,192.168.140.130-192.168.140.158,192.168.140.130,192.168.140.158,192.168.140.129,192.168.140.158,192.168.140.159
EWT_1027,1326,192.168.140.160/27,192.168.140.160,27,192.168.140.161,192.168.140.162-192.168.140.190,192.168.140.162,192.168.140.190,192.168.140.161,192.168.140.190,192.168.140.191
EWT_1028,1327,192.168.140.192/27,192.168.140.192,27,192.168.140.193,192.168.140.194-192.168.140.222,192.168.140.194,192.168.140.222,192.168.140.193,192.168.140.222,192.168.140.223
EWT_1029,1328,192.168.140.224/27,192.168.140.224,27,192.168.140.225,192.168.140.226-192.168.140.254,192.168.140.226,192.168.140.254,192.168.140.225,192.168.140.254,192.168.140.255
EWT_1030,1329,192.168.141.0/27,192.168.141.0,27,192.168.141.1,192.168.141.2-192.168.141.30,192.168.141.2,192.168.141.30,192.168.141.1,192.168.141.30,192.168.141.31
EWT_1041,1330,192.168.141.32/27,192.168.141.32,27,192.168.141.33,192.168.141.34-192.168.141.62,192.168.141.34,192.168.141.62,192.168.141.33,192.168.141.62,192.168.141.63
EWT_1042,1331,192.168.141.64/27,192.168.141.64,27,192.168.141.65,192.168.141.66-192.168.141.94,192.168.141.66,192.168.141.94,192.168.141.65,192.168.141.94,192.168.141.95
EWT_1044,1332,192.168.141.96/27,192.168.141.96,27,192.168.141.97,192.168.141.98-192.168.141.126,192.168.141.98,192.168.141.126,192.168.141.97,192.168.141.126,192.168.141.127
EWT_1048,1333,192.168.141.128/27,192.168.141.128,27,192.168.141.129,192.168.141.130-192.168.141.158,192.168.141.130,192.168.141.158,192.168.141.129,192.168.141.158,192.168.141.159
EWT_1050,1334,192.168.141.160/27,192.168.141.160,27,192.168.141.161,192.168.141.162-192.168.141.190,192.168.141.162,192.168.141.190,192.168.141.161,192.168.141.190,192.168.141.191
EWT_1051,1335,192.168.141.192/27,192.168.141.192,27,192.168.141.193,192.168.141.194-192.168.141.222,192.168.141.194,192.168.141.222,192.168.141.193,192.168.141.222,192.168.141.223
EWT_1052,1336,192.168.141.224/27,192.168.141.224,27,192.168.141.225,192.168.141.226-192.168.141.254,192.168.141.226,192.168.141.254,192.168.141.225,192.168.141.254,192.168.141.255
EWT_1053,1337,192.168.142.0/27,192.168.142.0,27,192.168.142.1,192.168.142.2-192.168.142.30,192.168.142.2,192.168.142.30,192.168.142.1,192.168.142.30,192.168.142.31
EWT_1055,1338,192.168.142.32/27,192.168.142.32,27,192.168.142.33,192.168.142.34-192.168.142.62,192.168.142.34,192.168.142.62,192.168.142.33,192.168.142.62,192.168.142.63
EWT_1056,1339,192.168.142.64/27,192.168.142.64,27,192.168.142.65,192.168.142.66-192.168.142.94,192.168.142.66,192.168.142.94,192.168.142.65,192.168.142.94,192.168.142.95
EWT_1057,1340,192.168.142.96/27,192.168.142.96,27,192.168.142.97,192.168.142.98-192.168.142.126,192.168.142.98,192.168.142.126,192.168.142.97,192.168.142.126,192.168.142.127
EWT_1063,1341,192.168.142.128/27,192.168.142.128,27,192.168.142.129,192.168.142.130-192.168.142.158,192.168.142.130,192.168.142.158,192.168.142.129,192.168.142.158,192.168.142.159
EWT_1064,1342,192.168.142.160/27,192.168.142.160,27,192.168.142.161,192.168.142.162-192.168.142.190,192.168.142.162,192.168.142.190,192.168.142.161,192.168.142.190,192.168.142.191
EWT_1065,1343,192.168.142.192/27,192.168.142.192,27,192.168.142.193,192.168.142.194-192.168.142.222,192.168.142.194,192.168.142.222,192.168.142.193,192.168.142.222,192.168.142.223
EWT_1101,1344,192.168.142.224/27,192.168.142.224,27,192.168.142.225,192.168.142.226-192.168.142.254,192.168.142.226,192.168.142.254,192.168.142.225,192.168.142.254,192.168.142.255
EWT_1103,1345,192.168.143.0/27,192.168.143.0,27,192.168.143.1,192.168.143.2-192.168.143.30,192.168.143.2,192.168.143.30,192.168.143.1,192.168.143.30,192.168.143.31
EWT_1104,1346,192.168.143.32/27,192.168.143.32,27,192.168.143.33,192.168.143.34-192.168.143.62,192.168.143.34,192.168.143.62,192.168.143.33,192.168.143.62,192.168.143.63
EWT_1105,1347,192.168.143.64/27,192.168.143.64,27,192.168.143.65,192.168.143.66-192.168.143.94,192.168.143.66,192.168.143.94,192.168.143.65,192.168.143.94,192.168.143.95
EWT_1106,1348,192.168.143.96/27,192.168.143.96,27,192.168.143.97,192.168.143.98-192.168.143.126,192.168.143.98,192.168.143.126,192.168.143.97,192.168.143.126,192.168.143.127
EWT_1107,1349,192.168.143.128/27,192.168.143.128,27,192.168.143.129,192.168.143.130-192.168.143.158,192.168.143.130,192.168.143.158,192.168.143.129,192.168.143.158,192.168.143.159
EWT_1108,1350,192.168.143.160/27,192.168.143.160,27,192.168.143.161,192.168.143.162-192.168.143.190,192.168.143.162,192.168.143.190,192.168.143.161,192.168.143.190,192.168.143.191
EWT_1109,1351,192.168.143.192/27,192.168.143.192,27,192.168.143.193,192.168.143.194-192.168.143.222,192.168.143.194,192.168.143.222,192.168.143.193,192.168.143.222,192.168.143.223
EWT_1110,1352,192.168.143.224/27,192.168.143.224,27,192.168.143.225,192.168.143.226-192.168.143.254,192.168.143.226,192.168.143.254,192.168.143.225,192.168.143.254,192.168.143.255
EWT_1111,1353,192.168.144.0/27,192.168.144.0,27,192.168.144.1,192.168.144.2-192.168.144.30,192.168.144.2,192.168.144.30,192.168.144.1,192.168.144.30,192.168.144.31
EWT_1112,1354,192.168.144.32/27,192.168.144.32,27,192.168.144.33,192.168.144.34-192.168.144.62,192.168.144.34,192.168.144.62,192.168.144.33,192.168.144.62,192.168.144.63
EWT_1114,1355,192.168.144.64/27,192.168.144.64,27,192.168.144.65,192.168.144.66-192.168.144.94,192.168.144.66,192.168.144.94,192.168.144.65,192.168.144.94,192.168.144.95
EWT_1115,1356,192.168.144.96/27,192.168.144.96,27,192.168.144.97,192.168.144.98-192.168.144.126,192.168.144.98,192.168.144.126,192.168.144.97,192.168.144.126,192.168.144.127
EWT_1116,1357,192.168.144.128/27,192.168.144.128,27,192.168.144.129,192.168.144.130-192.168.144.158,192.168.144.130,192.168.144.158,192.168.144.129,192.168.144.158,192.168.144.159
EWT_1117,1358,192.168.144.160/27,192.168.144.160,27,192.168.144.161,192.168.144.162-192.168.144.190,192.168.144.162,192.168.144.190,192.168.144.161,192.168.144.190,192.168.144.191
EWT_1119,1359,192.168.144.192/27,192.168.144.192,27,192.168.144.193,192.168.144.194-192.168.144.222,192.168.144.194,192.168.144.222,192.168.144.193,192.168.144.222,192.168.144.223
EWT_1120,1360,192.168.144.224/27,192.168.144.224,27,192.168.144.225,192.168.144.226-192.168.144.254,192.168.144.226,192.168.144.254,192.168.144.225,192.168.144.254,192.168.144.255
EWT_1121,1361,192.168.145.0/27,192.168.145.0,27,192.168.145.1,192.168.145.2-192.168.145.30,192.168.145.2,192.168.145.30,192.168.145.1,192.168.145.30,192.168.145.31
EWT_1122,1362,192.168.145.32/27,192.168.145.32,27,192.168.145.33,192.168.145.34-192.168.145.62,192.168.145.34,192.168.145.62,192.168.145.33,192.168.145.62,192.168.145.63
EWT_1123,1363,192.168.145.64/27,192.168.145.64,27,192.168.145.65,192.168.145.66-192.168.145.94,192.168.145.66,192.168.145.94,192.168.145.65,192.168.145.94,192.168.145.95
EWT_1125,1364,192.168.145.96/27,192.168.145.96,27,192.168.145.97,192.168.145.98-192.168.145.126,192.168.145.98,192.168.145.126,192.168.145.97,192.168.145.126,192.168.145.127
EWT_1126,1365,192.168.145.128/27,192.168.145.128,27,192.168.145.129,192.168.145.130-192.168.145.158,192.168.145.130,192.168.145.158,192.168.145.129,192.168.145.158,192.168.145.159
EWT_1127,1366,192.168.145.160/27,192.168.145.160,27,192.168.145.161,192.168.145.162-192.168.145.190,192.168.145.162,192.168.145.190,192.168.145.161,192.168.145.190,192.168.145.191
EWT_1128,1367,192.168.145.192/27,192.168.145.192,27,192.168.145.193,192.168.145.194-192.168.145.222,192.168.145.194,192.168.145.222,192.168.145.193,192.168.145.222,192.168.145.223
EWT_1129,1368,192.168.145.224/27,192.168.145.224,27,192.168.145.225,192.168.145.226-192.168.145.254,192.168.145.226,192.168.145.254,192.168.145.225,192.168.145.254,192.168.145.255
EWT_1130,1369,192.168.146.0/27,192.168.146.0,27,192.168.146.1,192.168.146.2-192.168.146.30,192.168.146.2,192.168.146.30,192.168.146.1,192.168.146.30,192.168.146.31
EWT_1141,1370,192.168.146.32/27,192.168.146.32,27,192.168.146.33,192.168.146.34-192.168.146.62,192.168.146.34,192.168.146.62,192.168.146.33,192.168.146.62,192.168.146.63
EWT_1142,1371,192.168.146.64/27,192.168.146.64,27,192.168.146.65,192.168.146.66-192.168.146.94,192.168.146.66,192.168.146.94,192.168.146.65,192.168.146.94,192.168.146.95
EWT_1144,1372,192.168.146.96/27,192.168.146.96,27,192.168.146.97,192.168.146.98-192.168.146.126,192.168.146.98,192.168.146.126,192.168.146.97,192.168.146.126,192.168.146.127
EWT_1148,1373,192.168.146.128/27,192.168.146.128,27,192.168.146.129,192.168.146.130-192.168.146.158,192.168.146.130,192.168.146.158,192.168.146.129,192.168.146.158,192.168.146.159
EWT_1150,1374,192.168.146.160/27,192.168.146.160,27,192.168.146.161,192.168.146.162-192.168.146.190,192.168.146.162,192.168.146.190,192.168.146.161,192.168.146.190,192.168.146.191
EWT_1151,1375,192.168.146.192/27,192.168.146.192,27,192.168.146.193,192.168.146.194-192.168.146.222,192.168.146.194,192.168.146.222,192.168.146.193,192.168.146.222,192.168.146.223
EWT_1152,1376,192.168.146.224/27,192.168.146.224,27,192.168.146.225,192.168.146.226-192.168.146.254,192.168.146.226,192.168.146.254,192.168.146.225,192.168.146.254,192.168.146.255
EWT_1153,1377,192.168.147.0/27,192.168.147.0,27,192.168.147.1,192.168.147.2-192.168.147.30,192.168.147.2,192.168.147.30,192.168.147.1,192.168.147.30,192.168.147.31
EWT_1155,1378,192.168.147.32/27,192.168.147.32,27,192.168.147.33,192.168.147.34-192.168.147.62,192.168.147.34,192.168.147.62,192.168.147.33,192.168.147.62,192.168.147.63
EWT_1156,1379,192.168.147.64/27,192.168.147.64,27,192.168.147.65,192.168.147.66-192.168.147.94,192.168.147.66,192.168.147.94,192.168.147.65,192.168.147.94,192.168.147.95
EWT_1157,1380,192.168.147.96/27,192.168.147.96,27,192.168.147.97,192.168.147.98-192.168.147.126,192.168.147.98,192.168.147.126,192.168.147.97,192.168.147.126,192.168.147.127
EWT_1163,1381,192.168.147.128/27,192.168.147.128,27,192.168.147.129,192.168.147.130-192.168.147.158,192.168.147.130,192.168.147.158,192.168.147.129,192.168.147.158,192.168.147.159
EWT_1164,1382,192.168.147.160/27,192.168.147.160,27,192.168.147.161,192.168.147.162-192.168.147.190,192.168.147.162,192.168.147.190,192.168.147.161,192.168.147.190,192.168.147.191
EWT_1165,1383,192.168.147.192/27,192.168.147.192,27,192.168.147.193,192.168.147.194-192.168.147.222,192.168.147.194,192.168.147.222,192.168.147.193,192.168.147.222,192.168.147.223
EWT_1201,1384,192.168.147.224/27,192.168.147.224,27,192.168.147.225,192.168.147.226-192.168.147.254,192.168.147.226,192.168.147.254,192.168.147.225,192.168.147.254,192.168.147.255
EWT_1203,1385,192.168.148.0/27,192.168.148.0,27,192.168.148.1,192.168.148.2-192.168.148.30,192.168.148.2,192.168.148.30,192.168.148.1,192.168.148.30,192.168.148.31
EWT_1204,1386,192.168.148.32/27,192.168.148.32,27,192.168.148.33,192.168.148.34-192.168.148.62,192.168.148.34,192.168.148.62,192.168.148.33,192.168.148.62,192.168.148.63
EWT_1206,1387,192.168.148.64/27,192.168.148.64,27,192.168.148.65,192.168.148.66-192.168.148.94,192.168.148.66,192.168.148.94,192.168.148.65,192.168.148.94,192.168.148.95
EWT_1207,1388,192.168.148.96/27,192.168.148.96,27,192.168.148.97,192.168.148.98-192.168.148.126,192.168.148.98,192.168.148.126,192.168.148.97,192.168.148.126,192.168.148.127
EWT_1208,1389,192.168.148.128/27,192.168.148.128,27,192.168.148.129,192.168.148.130-192.168.148.158,192.168.148.130,192.168.148.158,192.168.148.129,192.168.148.158,192.168.148.159
EWT_1209,1390,192.168.148.160/27,192.168.148.160,27,192.168.148.161,192.168.148.162-192.168.148.190,192.168.148.162,192.168.148.190,192.168.148.161,192.168.148.190,192.168.148.191
EWT_1210,1391,192.168.148.192/27,192.168.148.192,27,192.168.148.193,192.168.148.194-192.168.148.222,192.168.148.194,192.168.148.222,192.168.148.193,192.168.148.222,192.168.148.223
EWT_1211,1392,192.168.148.224/27,192.168.148.224,27,192.168.148.225,192.168.148.226-192.168.148.254,192.168.148.226,192.168.148.254,192.168.148.225,192.168.148.254,192.168.148.255
EWT_1212,1393,192.168.149.0/27,192.168.149.0,27,192.168.149.1,192.168.149.2-192.168.149.30,192.168.149.2,192.168.149.30,192.168.149.1,192.168.149.30,192.168.149.31
EWT_1214,1394,192.168.149.32/27,192.168.149.32,27,192.168.149.33,192.168.149.34-192.168.149.62,192.168.149.34,192.168.149.62,192.168.149.33,192.168.149.62,192.168.149.63
EWT_1215,1395,192.168.149.64/27,192.168.149.64,27,192.168.149.65,192.168.149.66-192.168.149.94,192.168.149.66,192.168.149.94,192.168.149.65,192.168.149.94,192.168.149.95
EWT_1216,1396,192.168.149.96/27,192.168.149.96,27,192.168.149.97,192.168.149.98-192.168.149.126,192.168.149.98,192.168.149.126,192.168.149.97,192.168.149.126,192.168.149.127
EWT_1217,1397,192.168.149.128/27,192.168.149.128,27,192.168.149.129,192.168.149.130-192.168.149.158,192.168.149.130,192.168.149.158,192.168.149.129,192.168.149.158,192.168.149.159
EWT_1219,1398,192.168.149.160/27,192.168.149.160,27,192.168.149.161,192.168.149.162-192.168.149.190,192.168.149.162,192.168.149.190,192.168.149.161,192.168.149.190,192.168.149.191
EWT_1220,1399,192.168.149.192/27,192.168.149.192,27,192.168.149.193,192.168.149.194-192.168.149.222,192.168.149.194,192.168.149.222,192.168.149.193,192.168.149.222,192.168.149.223
EWT_1221,1400,192.168.149.224/27,192.168.149.224,27,192.168.149.225,192.168.149.226-192.168.149.254,192.168.149.226,192.168.149.254,192.168.149.225,192.168.149.254,192.168.149.255
EWT_1222,1401,192.168.150.0/27,192.168.150.0,27,192.168.150.1,192.168.150.2-192.168.150.30,192.168.150.2,192.168.150.30,192.168.150.1,192.168.150.30,192.168.150.31
EWT_1223,1402,192.168.150.32/27,192.168.150.32,27,192.168.150.33,192.168.150.34-192.168.150.62,192.168.150.34,192.168.150.62,192.168.150.33,192.168.150.62,192.168.150.63
EWT_1225,1403,192.168.150.64/27,192.168.150.64,27,192.168.150.65,192.168.150.66-192.168.150.94,192.168.150.66,192.168.150.94,192.168.150.65,192.168.150.94,192.168.150.95
EWT_1226,1404,192.168.150.96/27,192.168.150.96,27,192.168.150.97,192.168.150.98-192.168.150.126,192.168.150.98,192.168.150.126,192.168.150.97,192.168.150.126,192.168.150.127
EWT_1228,1405,192.168.150.128/27,192.168.150.128,27,192.168.150.129,192.168.150.130-192.168.150.158,192.168.150.130,192.168.150.158,192.168.150.129,192.168.150.158,192.168.150.159
EWT_1229,1406,192.168.150.160/27,192.168.150.160,27,192.168.150.161,192.168.150.162-192.168.150.190,192.168.150.162,192.168.150.190,192.168.150.161,192.168.150.190,192.168.150.191
EWT_1230,1407,192.168.150.192/27,192.168.150.192,27,192.168.150.193,192.168.150.194-192.168.150.222,192.168.150.194,192.168.150.222,192.168.150.193,192.168.150.222,192.168.150.223
EWT_1241,1408,192.168.150.224/27,192.168.150.224,27,192.168.150.225,192.168.150.226-192.168.150.254,192.168.150.226,192.168.150.254,192.168.150.225,192.168.150.254,192.168.150.255
EWT_1242,1409,192.168.151.0/27,192.168.151.0,27,192.168.151.1,192.168.151.2-192.168.151.30,192.168.151.2,192.168.151.30,192.168.151.1,192.168.151.30,192.168.151.31
EWT_1244,1410,192.168.151.32/27,192.168.151.32,27,192.168.151.33,192.168.151.34-192.168.151.62,192.168.151.34,192.168.151.62,192.168.151.33,192.168.151.62,192.168.151.63
EWT_1248,1411,192.168.151.64/27,192.168.151.64,27,192.168.151.65,192.168.151.66-192.168.151.94,192.168.151.66,192.168.151.94,192.168.151.65,192.168.151.94,192.168.151.95
EWT_1250,1412,192.168.151.96/27,192.168.151.96,27,192.168.151.97,192.168.151.98-192.168.151.126,192.168.151.98,192.168.151.126,192.168.151.97,192.168.151.126,192.168.151.127
EWT_1251,1413,192.168.151.128/27,192.168.151.128,27,192.168.151.129,192.168.151.130-192.168.151.158,192.168.151.130,192.168.151.158,192.168.151.129,192.168.151.158,192.168.151.159
EWT_1252,1414,192.168.151.160/27,192.168.151.160,27,192.168.151.161,192.168.151.162-192.168.151.190,192.168.151.162,192.168.151.190,192.168.151.161,192.168.151.190,192.168.151.191
EWT_1253,1415,192.168.151.192/27,192.168.151.192,27,192.168.151.193,192.168.151.194-192.168.151.222,192.168.151.194,192.168.151.222,192.168.151.193,192.168.151.222,192.168.151.223
EWT_1255,1416,192.168.151.224/27,192.168.151.224,27,192.168.151.225,192.168.151.226-192.168.151.254,192.168.151.226,192.168.151.254,192.168.151.225,192.168.151.254,192.168.151.255
EWT_1256,1417,192.168.152.0/27,192.168.152.0,27,192.168.152.1,192.168.152.2-192.168.152.30,192.168.152.2,192.168.152.30,192.168.152.1,192.168.152.30,192.168.152.31
EWT_1257,1418,192.168.152.32/27,192.168.152.32,27,192.168.152.33,192.168.152.34-192.168.152.62,192.168.152.34,192.168.152.62,192.168.152.33,192.168.152.62,192.168.152.63
EWT_1263,1419,192.168.152.64/27,192.168.152.64,27,192.168.152.65,192.168.152.66-192.168.152.94,192.168.152.66,192.168.152.94,192.168.152.65,192.168.152.94,192.168.152.95
EWT_1264,1420,192.168.152.96/27,192.168.152.96,27,192.168.152.97,192.168.152.98-192.168.152.126,192.168.152.98,192.168.152.126,192.168.152.97,192.168.152.126,192.168.152.127
EWT_1265,1421,192.168.152.128/27,192.168.152.128,27,192.168.152.129,192.168.152.130-192.168.152.158,192.168.152.130,192.168.152.158,192.168.152.129,192.168.152.158,192.168.152.159
EWT_101,1422,192.168.152.160/27,192.168.152.160,27,192.168.152.161,192.168.152.162-192.168.152.190,192.168.152.162,192.168.152.190,192.168.152.161,192.168.152.190,192.168.152.191
EWT_102,1423,192.168.152.192/27,192.168.152.192,27,192.168.152.193,192.168.152.194-192.168.152.222,192.168.152.194,192.168.152.222,192.168.152.193,192.168.152.222,192.168.152.223
EWT_103,1424,192.168.152.224/27,192.168.152.224,27,192.168.152.225,192.168.152.226-192.168.152.254,192.168.152.226,192.168.152.254,192.168.152.225,192.168.152.254,192.168.152.255
EWT_104,1425,192.168.153.0/27,192.168.153.0,27,192.168.153.1,192.168.153.2-192.168.153.30,192.168.153.2,192.168.153.30,192.168.153.1,192.168.153.30,192.168.153.31
EWT_105,1426,192.168.153.32/27,192.168.153.32,27,192.168.153.33,192.168.153.34-192.168.153.62,192.168.153.34,192.168.153.62,192.168.153.33,192.168.153.62,192.168.153.63
EWT_106,1427,192.168.153.64/27,192.168.153.64,27,192.168.153.65,192.168.153.66-192.168.153.94,192.168.153.66,192.168.153.94,192.168.153.65,192.168.153.94,192.168.153.95
EWT_107,1428,192.168.153.96/27,192.168.153.96,27,192.168.153.97,192.168.153.98-192.168.153.126,192.168.153.98,192.168.153.126,192.168.153.97,192.168.153.126,192.168.153.127
EWT_108,1429,192.168.153.128/27,192.168.153.128,27,192.168.153.129,192.168.153.130-192.168.153.158,192.168.153.130,192.168.153.158,192.168.153.129,192.168.153.158,192.168.153.159
EWT_111,1430,192.168.153.160/27,192.168.153.160,27,192.168.153.161,192.168.153.162-192.168.153.190,192.168.153.162,192.168.153.190,192.168.153.161,192.168.153.190,192.168.153.191
EWT_114,1431,192.168.153.192/27,192.168.153.192,27,192.168.153.193,192.168.153.194-192.168.153.222,192.168.153.194,192.168.153.222,192.168.153.193,192.168.153.222,192.168.153.223
EWT_115,1432,192.168.153.224/27,192.168.153.224,27,192.168.153.225,192.168.153.226-192.168.153.254,192.168.153.226,192.168.153.254,192.168.153.225,192.168.153.254,192.168.153.255
EWT_116,1433,192.168.154.0/27,192.168.154.0,27,192.168.154.1,192.168.154.2-192.168.154.30,192.168.154.2,192.168.154.30,192.168.154.1,192.168.154.30,192.168.154.31
EWT_117,1434,192.168.154.32/27,192.168.154.32,27,192.168.154.33,192.168.154.34-192.168.154.62,192.168.154.34,192.168.154.62,192.168.154.33,192.168.154.62,192.168.154.63
EWT_118,1435,192.168.154.64/27,192.168.154.64,27,192.168.154.65,192.168.154.66-192.168.154.94,192.168.154.66,192.168.154.94,192.168.154.65,192.168.154.94,192.168.154.95
EWT_119,1436,192.168.154.96/27,192.168.154.96,27,192.168.154.97,192.168.154.98-192.168.154.126,192.168.154.98,192.168.154.126,192.168.154.97,192.168.154.126,192.168.154.127
EWT_120,1437,192.168.154.128/27,192.168.154.128,27,192.168.154.129,192.168.154.130-192.168.154.158,192.168.154.130,192.168.154.158,192.168.154.129,192.168.154.158,192.168.154.159
EWT_123,1438,192.168.154.160/27,192.168.154.160,27,192.168.154.161,192.168.154.162-192.168.154.190,192.168.154.162,192.168.154.190,192.168.154.161,192.168.154.190,192.168.154.191
EWT_124,1439,192.168.154.192/27,192.168.154.192,27,192.168.154.193,192.168.154.194-192.168.154.222,192.168.154.194,192.168.154.222,192.168.154.193,192.168.154.222,192.168.154.223
EWT_125,1440,192.168.154.224/27,192.168.154.224,27,192.168.154.225,192.168.154.226-192.168.154.254,192.168.154.226,192.168.154.254,192.168.154.225,192.168.154.254,192.168.154.255
EWT_201,1441,192.168.155.0/27,192.168.155.0,27,192.168.155.1,192.168.155.2-192.168.155.30,192.168.155.2,192.168.155.30,192.168.155.1,192.168.155.30,192.168.155.31
EWT_202,1442,192.168.155.32/27,192.168.155.32,27,192.168.155.33,192.168.155.34-192.168.155.62,192.168.155.34,192.168.155.62,192.168.155.33,192.168.155.62,192.168.155.63
EWT_203,1443,192.168.155.64/27,192.168.155.64,27,192.168.155.65,192.168.155.66-192.168.155.94,192.168.155.66,192.168.155.94,192.168.155.65,192.168.155.94,192.168.155.95
EWT_204,1444,192.168.155.96/27,192.168.155.96,27,192.168.155.97,192.168.155.98-192.168.155.126,192.168.155.98,192.168.155.126,192.168.155.97,192.168.155.126,192.168.155.127
EWT_205,1445,192.168.155.128/27,192.168.155.128,27,192.168.155.129,192.168.155.130-192.168.155.158,192.168.155.130,192.168.155.158,192.168.155.129,192.168.155.158,192.168.155.159
EWT_206,1446,192.168.155.160/27,192.168.155.160,27,192.168.155.161,192.168.155.162-192.168.155.190,192.168.155.162,192.168.155.190,192.168.155.161,192.168.155.190,192.168.155.191
EWT_207,1447,192.168.155.192/27,192.168.155.192,27,192.168.155.193,192.168.155.194-192.168.155.222,192.168.155.194,192.168.155.222,192.168.155.193,192.168.155.222,192.168.155.223
EWT_208,1448,192.168.155.224/27,192.168.155.224,27,192.168.155.225,192.168.155.226-192.168.155.254,192.168.155.226,192.168.155.254,192.168.155.225,192.168.155.254,192.168.155.255
EWT_214L,1449,192.168.156.0/27,192.168.156.0,27,192.168.156.1,192.168.156.2-192.168.156.30,192.168.156.2,192.168.156.30,192.168.156.1,192.168.156.30,192.168.156.31
EWT_214R,1450,192.168.156.32/27,192.168.156.32,27,192.168.156.33,192.168.156.34-192.168.156.62,192.168.156.34,192.168.156.62,192.168.156.33,192.168.156.62,192.168.156.63
EWT_217L,1451,192.168.156.64/27,192.168.156.64,27,192.168.156.65,192.168.156.66-192.168.156.94,192.168.156.66,192.168.156.94,192.168.156.65,192.168.156.94,192.168.156.95
EWT_217R,1452,192.168.156.96/27,192.168.156.96,27,192.168.156.97,192.168.156.98-192.168.156.126,192.168.156.98,192.168.156.126,192.168.156.97,192.168.156.126,192.168.156.127
EWT_223,1453,192.168.156.128/27,192.168.156.128,27,192.168.156.129,192.168.156.130-192.168.156.158,192.168.156.130,192.168.156.158,192.168.156.129,192.168.156.158,192.168.156.159
EWT_224,1454,192.168.156.160/27,192.168.156.160,27,192.168.156.161,192.168.156.162-192.168.156.190,192.168.156.162,192.168.156.190,192.168.156.161,192.168.156.190,192.168.156.191
EWT_225,1455,192.168.156.192/27,192.168.156.192,27,192.168.156.193,192.168.156.194-192.168.156.222,192.168.156.194,192.168.156.222,192.168.156.193,192.168.156.222,192.168.156.223
EWT_226,1456,192.168.156.224/27,192.168.156.224,27,192.168.156.225,192.168.156.226-192.168.156.254,192.168.156.226,192.168.156.254,192.168.156.225,192.168.156.254,192.168.156.255
EWT_227,1457,192.168.157.0/27,192.168.157.0,27,192.168.157.1,192.168.157.2-192.168.157.30,192.168.157.2,192.168.157.30,192.168.157.1,192.168.157.30,192.168.157.31
EWT_228,1458,192.168.157.32/27,192.168.157.32,27,192.168.157.33,192.168.157.34-192.168.157.62,192.168.157.34,192.168.157.62,192.168.157.33,192.168.157.62,192.168.157.63
EWT_229,1459,192.168.157.64/27,192.168.157.64,27,192.168.157.65,192.168.157.66-192.168.157.94,192.168.157.66,192.168.157.94,192.168.157.65,192.168.157.94,192.168.157.95
EWT_309L,1460,192.168.157.96/27,192.168.157.96,27,192.168.157.97,192.168.157.98-192.168.157.126,192.168.157.98,192.168.157.126,192.168.157.97,192.168.157.126,192.168.157.127
EWT_309R,1461,192.168.157.128/27,192.168.157.128,27,192.168.157.129,192.168.157.130-192.168.157.158,192.168.157.130,192.168.157.158,192.168.157.129,192.168.157.158,192.168.157.159
EWT_315-318,1462,192.168.157.160/27,192.168.157.160,27,192.168.157.161,192.168.157.162-192.168.157.190,192.168.157.162,192.168.157.190,192.168.157.161,192.168.157.190,192.168.157.191
EWT_322L,1463,192.168.157.192/27,192.168.157.192,27,192.168.157.193,192.168.157.194-192.168.157.222,192.168.157.194,192.168.157.222,192.168.157.193,192.168.157.222,192.168.157.223
EWT_322R,1464,192.168.157.224/27,192.168.157.224,27,192.168.157.225,192.168.157.226-192.168.157.254,192.168.157.226,192.168.157.254,192.168.157.225,192.168.157.254,192.168.157.255
EWT_507-08,1465,192.168.158.0/27,192.168.158.0,27,192.168.158.1,192.168.158.2-192.168.158.30,192.168.158.2,192.168.158.30,192.168.158.1,192.168.158.30,192.168.158.31
EWT_P01,1466,192.168.158.32/27,192.168.158.32,27,192.168.158.33,192.168.158.34-192.168.158.62,192.168.158.34,192.168.158.62,192.168.158.33,192.168.158.62,192.168.158.63
EWT_P03,1467,192.168.158.64/27,192.168.158.64,27,192.168.158.65,192.168.158.66-192.168.158.94,192.168.158.66,192.168.158.94,192.168.158.65,192.168.158.94,192.168.158.95
EWT_P04,1468,192.168.158.96/27,192.168.158.96,27,192.168.158.97,192.168.158.98-192.168.158.126,192.168.158.98,192.168.158.126,192.168.158.97,192.168.158.126,192.168.158.127
EWT_P06,1469,192.168.158.128/27,192.168.158.128,27,192.168.158.129,192.168.158.130-192.168.158.158,192.168.158.130,192.168.158.158,192.168.158.129,192.168.158.158,192.168.158.159
EWT_P07,1470,192.168.158.160/27,192.168.158.160,27,192.168.158.161,192.168.158.162-192.168.158.190,192.168.158.162,192.168.158.190,192.168.158.161,192.168.158.190,192.168.158.191
EWT_P08,1471,192.168.158.192/27,192.168.158.192,27,192.168.158.193,192.168.158.194-192.168.158.222,192.168.158.194,192.168.158.222,192.168.158.193,192.168.158.222,192.168.158.223
EWT_P09,1472,192.168.158.224/27,192.168.158.224,27,192.168.158.225,192.168.158.226-192.168.158.254,192.168.158.226,192.168.158.254,192.168.158.225,192.168.158.254,192.168.158.255
EWT_P10,1473,192.168.159.0/27,192.168.159.0,27,192.168.159.1,192.168.159.2-192.168.159.30,192.168.159.2,192.168.159.30,192.168.159.1,192.168.159.30,192.168.159.31
EWT_P11,1474,192.168.159.32/27,192.168.159.32,27,192.168.159.33,192.168.159.34-192.168.159.62,192.168.159.34,192.168.159.62,192.168.159.33,192.168.159.62,192.168.159.63
EWT_P12,1475,192.168.159.64/27,192.168.159.64,27,192.168.159.65,192.168.159.66-192.168.159.94,192.168.159.66,192.168.159.94,192.168.159.65,192.168.159.94,192.168.159.95
EWT_P13,1476,192.168.159.96/27,192.168.159.96,27,192.168.159.97,192.168.159.98-192.168.159.126,192.168.159.98,192.168.159.126,192.168.159.97,192.168.159.126,192.168.159.127
EWT_P14,1477,192.168.159.128/27,192.168.159.128,27,192.168.159.129,192.168.159.130-192.168.159.158,192.168.159.130,192.168.159.158,192.168.159.129,192.168.159.158,192.168.159.159
EWT_P15,1478,192.168.159.160/27,192.168.159.160,27,192.168.159.161,192.168.159.162-192.168.159.190,192.168.159.162,192.168.159.190,192.168.159.161,192.168.159.190,192.168.159.191
EWT_P16,1479,192.168.159.192/27,192.168.159.192,27,192.168.159.193,192.168.159.194-192.168.159.222,192.168.159.194,192.168.159.222,192.168.159.193,192.168.159.222,192.168.159.223
EWT_P17,1480,192.168.159.224/27,192.168.159.224,27,192.168.159.225,192.168.159.226-192.168.159.254,192.168.159.226,192.168.159.254,192.168.159.225,192.168.159.254,192.168.159.255
EWT_P19,1481,192.168.160.0/27,192.168.160.0,27,192.168.160.1,192.168.160.2-192.168.160.30,192.168.160.2,192.168.160.30,192.168.160.1,192.168.160.30,192.168.160.31
EWT_P20,1482,192.168.160.32/27,192.168.160.32,27,192.168.160.33,192.168.160.34-192.168.160.62,192.168.160.34,192.168.160.62,192.168.160.33,192.168.160.62,192.168.160.63
EWT_P23,1483,192.168.160.64/27,192.168.160.64,27,192.168.160.65,192.168.160.66-192.168.160.94,192.168.160.66,192.168.160.94,192.168.160.65,192.168.160.94,192.168.160.95
EWT_P25,1484,192.168.160.96/27,192.168.160.96,27,192.168.160.97,192.168.160.98-192.168.160.126,192.168.160.98,192.168.160.126,192.168.160.97,192.168.160.126,192.168.160.127
EWT_P26,1485,192.168.160.128/27,192.168.160.128,27,192.168.160.129,192.168.160.130-192.168.160.158,192.168.160.130,192.168.160.158,192.168.160.129,192.168.160.158,192.168.160.159
EWT_P27,1486,192.168.160.160/27,192.168.160.160,27,192.168.160.161,192.168.160.162-192.168.160.190,192.168.160.162,192.168.160.190,192.168.160.161,192.168.160.190,192.168.160.191
EWT_P28,1487,192.168.160.192/27,192.168.160.192,27,192.168.160.193,192.168.160.194-192.168.160.222,192.168.160.194,192.168.160.222,192.168.160.193,192.168.160.222,192.168.160.223
EWT_P29,1488,192.168.160.224/27,192.168.160.224,27,192.168.160.225,192.168.160.226-192.168.160.254,192.168.160.226,192.168.160.254,192.168.160.225,192.168.160.254,192.168.160.255
EWT_P30,1489,192.168.161.0/27,192.168.161.0,27,192.168.161.1,192.168.161.2-192.168.161.30,192.168.161.2,192.168.161.30,192.168.161.1,192.168.161.30,192.168.161.31
EWT_P41,1490,192.168.161.32/27,192.168.161.32,27,192.168.161.33,192.168.161.34-192.168.161.62,192.168.161.34,192.168.161.62,192.168.161.33,192.168.161.62,192.168.161.63
EWT_P42,1491,192.168.161.64/27,192.168.161.64,27,192.168.161.65,192.168.161.66-192.168.161.94,192.168.161.66,192.168.161.94,192.168.161.65,192.168.161.94,192.168.161.95
EWT_P44,1492,192.168.161.96/27,192.168.161.96,27,192.168.161.97,192.168.161.98-192.168.161.126,192.168.161.98,192.168.161.126,192.168.161.97,192.168.161.126,192.168.161.127
EWT_P48,1493,192.168.161.128/27,192.168.161.128,27,192.168.161.129,192.168.161.130-192.168.161.158,192.168.161.130,192.168.161.158,192.168.161.129,192.168.161.158,192.168.161.159
EWT_P50,1494,192.168.161.160/27,192.168.161.160,27,192.168.161.161,192.168.161.162-192.168.161.190,192.168.161.162,192.168.161.190,192.168.161.161,192.168.161.190,192.168.161.191
EWT_P51,1495,192.168.161.192/27,192.168.161.192,27,192.168.161.193,192.168.161.194-192.168.161.222,192.168.161.194,192.168.161.222,192.168.161.193,192.168.161.222,192.168.161.223
EWT_P52,1496,192.168.161.224/27,192.168.161.224,27,192.168.161.225,192.168.161.226-192.168.161.254,192.168.161.226,192.168.161.254,192.168.161.225,192.168.161.254,192.168.161.255
EWT_P53,1497,192.168.162.0/27,192.168.162.0,27,192.168.162.1,192.168.162.2-192.168.162.30,192.168.162.2,192.168.162.30,192.168.162.1,192.168.162.30,192.168.162.31
EWT_P55,1498,192.168.162.32/27,192.168.162.32,27,192.168.162.33,192.168.162.34-192.168.162.62,192.168.162.34,192.168.162.62,192.168.162.33,192.168.162.62,192.168.162.63
EWT_P56,1499,192.168.162.64/27,192.168.162.64,27,192.168.162.65,192.168.162.66-192.168.162.94,192.168.162.66,192.168.162.94,192.168.162.65,192.168.162.94,192.168.162.95
EWT_P57,1500,192.168.162.96/27,192.168.162.96,27,192.168.162.97,192.168.162.98-192.168.162.126,192.168.162.98,192.168.162.126,192.168.162.97,192.168.162.126,192.168.162.127
EWT_P63,1501,192.168.162.128/27,192.168.162.128,27,192.168.162.129,192.168.162.130-192.168.162.158,192.168.162.130,192.168.162.158,192.168.162.129,192.168.162.158,192.168.162.159
EWT_P64,1502,192.168.162.160/27,192.168.162.160,27,192.168.162.161,192.168.162.162-192.168.162.190,192.168.162.162,192.168.162.190,192.168.162.161,192.168.162.190,192.168.162.191
EWT_P65,1503,192.168.162.192/27,192.168.162.192,27,192.168.162.193,192.168.162.194-192.168.162.222,192.168.162.194,192.168.162.222,192.168.162.193,192.168.162.222,192.168.162.223
HOY_1,1504,192.168.162.224/27,192.168.162.224,27,192.168.162.225,192.168.162.226-192.168.162.254,192.168.162.226,192.168.162.254,192.168.162.225,192.168.162.254,192.168.162.255
HOY_2,1505,192.168.163.0/27,192.168.163.0,27,192.168.163.1,192.168.163.2-192.168.163.30,192.168.163.2,192.168.163.30,192.168.163.1,192.168.163.30,192.168.163.31
HOY_3,1506,192.168.163.32/27,192.168.163.32,27,192.168.163.33,192.168.163.34-192.168.163.62,192.168.163.34,192.168.163.62,192.168.163.33,192.168.163.62,192.168.163.63
HOY_4,1507,192.168.163.64/27,192.168.163.64,27,192.168.163.65,192.168.163.66-192.168.163.94,192.168.163.66,192.168.163.94,192.168.163.65,192.168.163.94,192.168.163.95
HOY_5,1508,192.168.163.96/27,192.168.163.96,27,192.168.163.97,192.168.163.98-192.168.163.126,192.168.163.98,192.168.163.126,192.168.163.97,192.168.163.126,192.168.163.127
HOY_6,1509,192.168.163.128/27,192.168.163.128,27,192.168.163.129,192.168.163.130-192.168.163.158,192.168.163.130,192.168.163.158,192.168.163.129,192.168.163.158,192.168.163.159
HOY_7,1510,192.168.163.160/27,192.168.163.160,27,192.168.163.161,192.168.163.162-192.168.163.190,192.168.163.162,192.168.163.190,192.168.163.161,192.168.163.190,192.168.163.191
HOY_8,1511,192.168.163.192/27,192.168.163.192,27,192.168.163.193,192.168.163.194-192.168.163.222,192.168.163.194,192.168.163.222,192.168.163.193,192.168.163.222,192.168.163.223
HOY_9,1512,192.168.163.224/27,192.168.163.224,27,192.168.163.225,192.168.163.226-192.168.163.254,192.168.163.226,192.168.163.254,192.168.163.225,192.168.163.254,192.168.163.255
HOY_10,1513,192.168.164.0/27,192.168.164.0,27,192.168.164.1,192.168.164.2-192.168.164.30,192.168.164.2,192.168.164.30,192.168.164.1,192.168.164.30,192.168.164.31
HOY_11,1514,192.168.164.32/27,192.168.164.32,27,192.168.164.33,192.168.164.34-192.168.164.62,192.168.164.34,192.168.164.62,192.168.164.33,192.168.164.62,192.168.164.63
HOY_12,1515,192.168.164.64/27,192.168.164.64,27,192.168.164.65,192.168.164.66-192.168.164.94,192.168.164.66,192.168.164.94,192.168.164.65,192.168.164.94,192.168.164.95
HOY_13,1516,192.168.164.96/27,192.168.164.96,27,192.168.164.97,192.168.164.98-192.168.164.126,192.168.164.98,192.168.164.126,192.168.164.97,192.168.164.126,192.168.164.127
HOY_14,1517,192.168.164.128/27,192.168.164.128,27,192.168.164.129,192.168.164.130-192.168.164.158,192.168.164.130,192.168.164.158,192.168.164.129,192.168.164.158,192.168.164.159
HOY_15,1518,192.168.164.160/27,192.168.164.160,27,192.168.164.161,192.168.164.162-192.168.164.190,192.168.164.162,192.168.164.190,192.168.164.161,192.168.164.190,192.168.164.191
HOY_16,1519,192.168.164.192/27,192.168.164.192,27,192.168.164.193,192.168.164.194-192.168.164.222,192.168.164.194,192.168.164.222,192.168.164.193,192.168.164.222,192.168.164.223
HOY_17,1520,192.168.164.224/27,192.168.164.224,27,192.168.164.225,192.168.164.226-192.168.164.254,192.168.164.226,192.168.164.254,192.168.164.225,192.168.164.254,192.168.164.255
HOY_18,1521,192.168.165.0/27,192.168.165.0,27,192.168.165.1,192.168.165.2-192.168.165.30,192.168.165.2,192.168.165.30,192.168.165.1,192.168.165.30,192.168.165.31
HOY_19,1522,192.168.165.32/27,192.168.165.32,27,192.168.165.33,192.168.165.34-192.168.165.62,192.168.165.34,192.168.165.62,192.168.165.33,192.168.165.62,192.168.165.63
HOY_20,1523,192.168.165.64/27,192.168.165.64,27,192.168.165.65,192.168.165.66-192.168.165.94,192.168.165.66,192.168.165.94,192.168.165.65,192.168.165.94,192.168.165.95
HOY_21,1524,192.168.165.96/27,192.168.165.96,27,192.168.165.97,192.168.165.98-192.168.165.126,192.168.165.98,192.168.165.126,192.168.165.97,192.168.165.126,192.168.165.127
HOY_22,1525,192.168.165.128/27,192.168.165.128,27,192.168.165.129,192.168.165.130-192.168.165.158,192.168.165.130,192.168.165.158,192.168.165.129,192.168.165.158,192.168.165.159
HOY_23,1526,192.168.165.160/27,192.168.165.160,27,192.168.165.161,192.168.165.162-192.168.165.190,192.168.165.162,192.168.165.190,192.168.165.161,192.168.165.190,192.168.165.191
HOY_167,1527,192.168.165.192/27,192.168.165.192,27,192.168.165.193,192.168.165.194-192.168.165.222,192.168.165.194,192.168.165.222,192.168.165.193,192.168.165.222,192.168.165.223
HOY_168,1528,192.168.165.224/27,192.168.165.224,27,192.168.165.225,192.168.165.226-192.168.165.254,192.168.165.226,192.168.165.254,192.168.165.225,192.168.165.254,192.168.165.255
HOY_169,1529,192.168.166.0/27,192.168.166.0,27,192.168.166.1,192.168.166.2-192.168.166.30,192.168.166.2,192.168.166.30,192.168.166.1,192.168.166.30,192.168.166.31
HOY_170,1530,192.168.166.32/27,192.168.166.32,27,192.168.166.33,192.168.166.34-192.168.166.62,192.168.166.34,192.168.166.62,192.168.166.33,192.168.166.62,192.168.166.63
HOY_171,1531,192.168.166.64/27,192.168.166.64,27,192.168.166.65,192.168.166.66-192.168.166.94,192.168.166.66,192.168.166.94,192.168.166.65,192.168.166.94,192.168.166.95
HOY_172,1532,192.168.166.96/27,192.168.166.96,27,192.168.166.97,192.168.166.98-192.168.166.126,192.168.166.98,192.168.166.126,192.168.166.97,192.168.166.126,192.168.166.127
HOY_173,1533,192.168.166.128/27,192.168.166.128,27,192.168.166.129,192.168.166.130-192.168.166.158,192.168.166.130,192.168.166.158,192.168.166.129,192.168.166.158,192.168.166.159
HOY_174,1534,192.168.166.160/27,192.168.166.160,27,192.168.166.161,192.168.166.162-192.168.166.190,192.168.166.162,192.168.166.190,192.168.166.161,192.168.166.190,192.168.166.191
HOY_175,1535,192.168.166.192/27,192.168.166.192,27,192.168.166.193,192.168.166.194-192.168.166.222,192.168.166.194,192.168.166.222,192.168.166.193,192.168.166.222,192.168.166.223
HOY_176,1536,192.168.166.224/27,192.168.166.224,27,192.168.166.225,192.168.166.226-192.168.166.254,192.168.166.226,192.168.166.254,192.168.166.225,192.168.166.254,192.168.166.255
HOY_177,1537,192.168.167.0/27,192.168.167.0,27,192.168.167.1,192.168.167.2-192.168.167.30,192.168.167.2,192.168.167.30,192.168.167.1,192.168.167.30,192.168.167.31
HOY_178,1538,192.168.167.32/27,192.168.167.32,27,192.168.167.33,192.168.167.34-192.168.167.62,192.168.167.34,192.168.167.62,192.168.167.33,192.168.167.62,192.168.167.63
HOY_179,1539,192.168.167.64/27,192.168.167.64,27,192.168.167.65,192.168.167.66-192.168.167.94,192.168.167.66,192.168.167.94,192.168.167.65,192.168.167.94,192.168.167.95
HOY_180,1540,192.168.167.96/27,192.168.167.96,27,192.168.167.97,192.168.167.98-192.168.167.126,192.168.167.98,192.168.167.126,192.168.167.97,192.168.167.126,192.168.167.127
HOY_181,1541,192.168.167.128/27,192.168.167.128,27,192.168.167.129,192.168.167.130-192.168.167.158,192.168.167.130,192.168.167.158,192.168.167.129,192.168.167.158,192.168.167.159
HOY_182,1542,192.168.167.160/27,192.168.167.160,27,192.168.167.161,192.168.167.162-192.168.167.190,192.168.167.162,192.168.167.190,192.168.167.161,192.168.167.190,192.168.167.191
HOY_183,1543,192.168.167.192/27,192.168.167.192,27,192.168.167.193,192.168.167.194-192.168.167.222,192.168.167.194,192.168.167.222,192.168.167.193,192.168.167.222,192.168.167.223
HOY_184,1544,192.168.167.224/27,192.168.167.224,27,192.168.167.225,192.168.167.226-192.168.167.254,192.168.167.226,192.168.167.254,192.168.167.225,192.168.167.254,192.168.167.255
HOY_185,1545,192.168.168.0/27,192.168.168.0,27,192.168.168.1,192.168.168.2-192.168.168.30,192.168.168.2,192.168.168.30,192.168.168.1,192.168.168.30,192.168.168.31
HOY_188,1546,192.168.168.32/27,192.168.168.32,27,192.168.168.33,192.168.168.34-192.168.168.62,192.168.168.34,192.168.168.62,192.168.168.33,192.168.168.62,192.168.168.63
HOY_189,1547,192.168.168.64/27,192.168.168.64,27,192.168.168.65,192.168.168.66-192.168.168.94,192.168.168.66,192.168.168.94,192.168.168.65,192.168.168.94,192.168.168.95
HOY_190,1548,192.168.168.96/27,192.168.168.96,27,192.168.168.97,192.168.168.98-192.168.168.126,192.168.168.98,192.168.168.126,192.168.168.97,192.168.168.126,192.168.168.127
HOY_191,1549,192.168.168.128/27,192.168.168.128,27,192.168.168.129,192.168.168.130-192.168.168.158,192.168.168.130,192.168.168.158,192.168.168.129,192.168.168.158,192.168.168.159
HOY_192,1550,192.168.168.160/27,192.168.168.160,27,192.168.168.161,192.168.168.162-192.168.168.190,192.168.168.162,192.168.168.190,192.168.168.161,192.168.168.190,192.168.168.191
HOY_193,1551,192.168.168.192/27,192.168.168.192,27,192.168.168.193,192.168.168.194-192.168.168.222,192.168.168.194,192.168.168.222,192.168.168.193,192.168.168.222,192.168.168.223
HOY_194,1552,192.168.168.224/27,192.168.168.224,27,192.168.168.225,192.168.168.226-192.168.168.254,192.168.168.226,192.168.168.254,192.168.168.225,192.168.168.254,192.168.168.255
HOY_195,1553,192.168.169.0/27,192.168.169.0,27,192.168.169.1,192.168.169.2-192.168.169.30,192.168.169.2,192.168.169.30,192.168.169.1,192.168.169.30,192.168.169.31
HOY_196,1554,192.168.169.32/27,192.168.169.32,27,192.168.169.33,192.168.169.34-192.168.169.62,192.168.169.34,192.168.169.62,192.168.169.33,192.168.169.62,192.168.169.63
HOY_197,1555,192.168.169.64/27,192.168.169.64,27,192.168.169.65,192.168.169.66-192.168.169.94,192.168.169.66,192.168.169.94,192.168.169.65,192.168.169.94,192.168.169.95
HOY_198,1556,192.168.169.96/27,192.168.169.96,27,192.168.169.97,192.168.169.98-192.168.169.126,192.168.169.98,192.168.169.126,192.168.169.97,192.168.169.126,192.168.169.127
HOY_199,1557,192.168.169.128/27,192.168.169.128,27,192.168.169.129,192.168.169.130-192.168.169.158,192.168.169.130,192.168.169.158,192.168.169.129,192.168.169.158,192.168.169.159
